Workbook

Sheet README
A1: Dock-to-Stock Bottleneck Analysis
A2: Simulated inbound dataset - 4,000 receipts - Jul to Sep 2026
A4: What this is | B4: A portfolio project that follows each inbound receipt from truck arrival to stock available in the system, and finds which step (or which wait between steps) holds stock back the most.
A5: IMPORTANT - data is simulated | B5: No real company data is used. The 4,000 receipts were generated by data/generate_dataset.py using lognormal timings and the assumptions listed on the Assumptions sheet. The findings show how the method works; they are not findings about a real warehouse.
A6: How to read it | B6: Start at Bottleneck_Score, then go through Process_Timeline, Heatmap, Vendor_Analysis, Warehouse_Shift, GRN_Ageing, Dock_Utilisation, Root_Cause, Decision_Model and finish with SOP.
A7: Sheets | B7: Assumptions (inputs) | Inbound_Data (the database: raw columns A-V, calculated columns W-AK) | one analysis sheet per output | Decision_Model (what-if) | SOP
A8: Colour legend | B8: Blue text on yellow = input you can change. Black = formula. Dark-blue header = raw data. Mid-blue header = calculated column.
A9: Change an assumption | B9: Edit SLA targets, score weights or priority cut-offs on the Assumptions sheet. Every score and table recalculates.
A10: Definitions | B10: Waiting = time a receipt sits between two steps (Gate Wait, Dock Wait, Unload-to-QC, QC-to-GRN, GRN-to-Putaway). Processing = time someone is actually working on it (Unloading, QC, GRN Processing, Putaway). Total Dock-to-Stock = Truck Arrival to Putaway Completed.
A11: Open receipts | B11: 160 receipts have no putaway yet (Pending or On Hold). Steps they have not reached are blank, so they never distort the later averages. Their waiting time is tracked in GRN_Ageing.
A12: Shift | B12: Shift is taken from the truck arrival hour: A = 06:00-14:00, B = 14:00-22:00, C = 22:00-06:00.

Sheet Assumptions
A1: Assumptions & Inputs
A2: Blue-on-yellow cells are inputs. Change them and the whole workbook recalculates.
A4: Segment | B4: Type | C4: SLA target (min) | D4: Data column | E4: Definition
A5: Gate Wait | B5: Waiting | C5: 30 | D5: Y | E5: Truck Arrival -> Dock Assigned
A6: Dock Wait | B6: Waiting | C6: 15 | D6: Z | E6: Dock Assigned -> Unloading Start
A7: Unloading | B7: Processing | C7: 60 | D7: AA | E7: Unloading Start -> Unloading End
A8: Unload-to-QC Wait | B8: Waiting | C8: 15 | D8: AB | E8: Unloading End -> QC Start
A9: QC | B9: Processing | C9: 45 | D9: AC | E9: QC Start -> QC End
A10: QC-to-GRN Wait | B10: Waiting | C10: 30 | D10: AD | E10: QC End -> GRN Start
A11: GRN Processing | B11: Processing | C11: 45 | D11: AE | E11: GRN Start -> GRN Completed
A12: GRN-to-Putaway Wait | B12: Waiting | C12: 20 | D12: AF | E12: GRN Completed -> Putaway Start
A13: Putaway | B13: Processing | C13: 40 | D13: AG | E13: Putaway Start -> Putaway Completed
A16: Bottleneck Score parameters
A17: Weight: share of total delay | B17: 0.4 | C17: Score = w1 x delay-share score + w2 x variability score + w3 x SLA-breach score
A18: Weight: variability (P90 / median) | B18: 0.3 | C18: Weights should add up to 100%
A19: Weight: % of receipts breaching SLA | B19: 0.3
A20: Variability cap (P90/median ratio) | B20: 4 | C20: A ratio at or above this scores 100 on variability
A21: Critical if score >= | B21: 70 | C21: Cut-offs are judgement calls; adjust to taste
A22: High if score >= | B22: 50
A23: Medium if score >= | B23: 35 | C23: Below this = Low
A24: Target total dock-to-stock (min) | B24: 300 | C24: Equals the sum of the nine segment SLAs (5 hours). Used for breach % on Warehouse_Shift
A25: Report date (as-of) | B25: 46297.333 | C25: Used to age open GRNs. Matches the generator
A26: Operating days in dataset | B26: 81 | C26: Distinct truck-arrival dates in the dataset (no Sunday receiving)
A27: Dock hours available per day | B27: 24 | C27: Docks assumed to run round the clock
A28: Docks in network | B28: 6 | C28: 2 docks per warehouse x 3 warehouses
A29: Weights check (should be 100%) | B29: =SUM(B17:B19) -> 1

Sheet Inbound_Data
A1: Receipt ID | B1: PO Number | C1: Vendor | D1: Warehouse | E1: SKU | F1: Category | G1: Dock ID | H1: Truck Arrival | I1: Dock Assigned | J1: Unloading Start | K1: Unloading End | L1: QC Start | M1: QC End | N1: GRN Start | O1: GRN Completed | P1: Putaway Start | Q1: Putaway Completed | R1: Quantity | S1: Short Quantity | T1: Damaged Quantity | U1: GRN Status | V1: Delay Cause | W1: Shift | X1: Arrival Hour | Y1: Gate Wait (min) | Z1: Dock Wait (min) | AA1: Unloading (min) | AB1: Unload-to-QC Wait (min) | AC1: QC (min) | AD1: QC-to-GRN Wait (min) | AE1: GRN Processing (min) | AF1: GRN-to-Putaway Wait (min) | AG1: Putaway (min) | AH1: Total Dock-to-Stock (min) | AI1: GRN Age (hrs) | AJ1: Worst SLA Ratio | AK1: Primary Delay Stage
A2: RCPT-00001 | B2: PO-26-77803 | C2: Vendor 06 | D2: Kalyan DC | E2: SKU-07-361 | F2: Staples | G2: KLN-D1 | H2: 46204.022 | I2: 46204.029 | J2: 46204.031 | K2: 46204.049 | L2: 46204.059 | M2: 46204.082 | N2: 46204.158 | O2: 46204.396 | P2: 46204.408 | Q2: 46204.416 | R2: 296 | S2: 17 | T2: 0 | U2: Completed - Discrepancy | V2: Vendor | W2: =IF(AND(X2>=6,X2<14),"A",IF(AND(X2>=14,X2<22),"B","C")) -> C | X2: =HOUR(H2) -> 0 | Y2: =ROUND((I2-H2)*1440,0) -> 11 | Z2: =ROUND((J2-I2)*1440,0) -> 3 | AA2: =ROUND((K2-J2)*1440,0) -> 25 | AB2: =ROUND((L2-K2)*1440,0) -> 15 | AC2: =ROUND((M2-L2)*1440,0) -> 33 | AD2: =IF(N2="","",ROUND((N2-M2)*1440,0)) -> 109 | AE2: =IF(O2="","",ROUND((O2-N2)*1440,0)) -> 343 | AF2: =IF(P2="","",ROUND((P2-O2)*1440,0)) -> 18 | AG2: =IF(Q2="","",ROUND((Q2-P2)*1440,0)) -> 11 | AH2: =IF(Q2="","",ROUND((Q2-H2)*1440,0)) -> 568 | AI2: =ROUND(IF(O2="",Assumptions!$B$25-K2,O2-K2)*24,1) -> 8.3 | AJ2: =ROUND(MAX(N(Y2)/Assumptions!$C$5, N(Z2)/Assumptions!$C$6, N(AA2)/Assumptions!$C$7, N(AB2)/Assumptions!$C$8, N(AC2)/Assumptions!$C$9, N(AD2)/Assumptions!$C$10, N(AE2)/Assumptions!$C$11, N(AF2)/Assumptions!$C$12, N(AG2)/Assumptions!$C$13),3) -> 7.622 | AK2: =IF(OR(U2="Pending",U2="On Hold"),"Open GRN (awaiting)",IF(AJ2<=1,"Within SLA",IF(ROUND(N(Y2)/Assumptions!$C$5,3)=AJ2,"Gate Wait",IF(ROUND(N(Z2)/Assumptions!$C$6,3)=AJ2,"Dock Wait",IF(ROUND(N(AA2)/Assumptions!$C$7,3)=AJ2,"Unloading",IF(ROUND(N(AB2)/Assumptions!$C$8,3)=AJ2,"Unload-to-QC Wait",IF(ROUND(N(AC2)/Assumptions!$C$9,3)=AJ2,"QC",IF(ROUND(N(AD2)/Assumptions!$C$10,3)=AJ2,"QC-to-GRN Wait",IF(ROUND(N(AE2)/Assumptions!$C$11,3)=AJ2,"GRN Processing",IF(ROUND(N(AF2)/Assumptions!$C$12,3)=AJ2,"GRN-to-Putaway Wait",IF(ROUND(N(AG2)/Assumptions!$C$13,3)=AJ2,"Putaway","Within SLA"))))))))))) -> GRN Processing
A3: RCPT-00002 | B3: PO-26-61546 | C3: Vendor 10 | D3: Kalyan DC | E3: SKU-03-317 | F3: Home Care | G3: KLN-D2 | H3: 46204.054 | I3: 46204.064 | J3: 46204.069 | K3: 46204.102 | L3: 46204.109 | M3: 46204.119 | N3: 46204.147 | O3: 46204.169 | P3: 46204.18 | Q3: 46204.212 | R3: 489 | S3: 0 | T3: 0 | U3: Completed | V3: System | W3: =IF(AND(X3>=6,X3<14),"A",IF(AND(X3>=14,X3<22),"B","C")) -> C | X3: =HOUR(H3) -> 1 | Y3: =ROUND((I3-H3)*1440,0) -> 14 | Z3: =ROUND((J3-I3)*1440,0) -> 8 | AA3: =ROUND((K3-J3)*1440,0) -> 47 | AB3: =ROUND((L3-K3)*1440,0) -> 10 | AC3: =ROUND((M3-L3)*1440,0) -> 14 | AD3: =IF(N3="","",ROUND((N3-M3)*1440,0)) -> 40 | AE3: =IF(O3="","",ROUND((O3-N3)*1440,0)) -> 33 | AF3: =IF(P3="","",ROUND((P3-O3)*1440,0)) -> 15 | AG3: =IF(Q3="","",ROUND((Q3-P3)*1440,0)) -> 46 | AH3: =IF(Q3="","",ROUND((Q3-H3)*1440,0)) -> 227 | AI3: =ROUND(IF(O3="",Assumptions!$B$25-K3,O3-K3)*24,1) -> 1.6 | AJ3: =ROUND(MAX(N(Y3)/Assumptions!$C$5, N(Z3)/Assumptions!$C$6, N(AA3)/Assumptions!$C$7, N(AB3)/Assumptions!$C$8, N(AC3)/Assumptions!$C$9, N(AD3)/Assumptions!$C$10, N(AE3)/Assumptions!$C$11, N(AF3)/Assumptions!$C$12, N(AG3)/Assumptions!$C$13),3) -> 1.333 | AK3: =IF(OR(U3="Pending",U3="On Hold"),"Open GRN (awaiting)",IF(AJ3<=1,"Within SLA",IF(ROUND(N(Y3)/Assumptions!$C$5,3)=AJ3,"Gate Wait",IF(ROUND(N(Z3)/Assumptions!$C$6,3)=AJ3,"Dock Wait",IF(ROUND(N(AA3)/Assumptions!$C$7,3)=AJ3,"Unloading",IF(ROUND(N(AB3)/Assumptions!$C$8,3)=AJ3,"Unload-to-QC Wait",IF(ROUND(N(AC3)/Assumptions!$C$9,3)=AJ3,"QC",IF(ROUND(N(AD3)/Assumptions!$C$10,3)=AJ3,"QC-to-GRN Wait",IF(ROUND(N(AE3)/Assumptions!$C$11,3)=AJ3,"GRN Processing",IF(ROUND(N(AF3)/Assumptions!$C$12,3)=AJ3,"GRN-to-Putaway Wait",IF(ROUND(N(AG3)/Assumptions!$C$13,3)=AJ3,"Putaway","Within SLA"))))))))))) -> QC-to-GRN Wait
A4: RCPT-00003 | B4: PO-26-59784 | C4: Vendor 12 | D4: Pimplas DC | E4: SKU-05-681 | F4: Personal Care | G4: PMP-D2 | H4: 46204.09 | I4: 46204.097 | J4: 46204.101 | K4: 46204.123 | L4: 46204.147 | M4: 46204.169 | N4: 46204.189 | O4: 46204.257 | P4: 46204.271 | Q4: 46204.287 | R4: 741 | S4: 0 | T4: 0 | U4: Completed | V4: Space / Equipment | W4: =IF(AND(X4>=6,X4<14),"A",IF(AND(X4>=14,X4<22),"B","C")) -> C | X4: =HOUR(H4) -> 2 | Y4: =ROUND((I4-H4)*1440,0) -> 11 | Z4: =ROUND((J4-I4)*1440,0) -> 5 | AA4: =ROUND((K4-J4)*1440,0) -> 32 | AB4: =ROUND((L4-K4)*1440,0) -> 34 | AC4: =ROUND((M4-L4)*1440,0) -> 32 | AD4: =IF(N4="","",ROUND((N4-M4)*1440,0)) -> 29 | AE4: =IF(O4="","",ROUND((O4-N4)*1440,0)) -> 98 | AF4: =IF(P4="","",ROUND((P4-O4)*1440,0)) -> 20 | AG4: =IF(Q4="","",ROUND((Q4-P4)*1440,0)) -> 23 | AH4: =IF(Q4="","",ROUND((Q4-H4)*1440,0)) -> 284 | AI4: =ROUND(IF(O4="",Assumptions!$B$25-K4,O4-K4)*24,1) -> 3.2 | AJ4: =ROUND(MAX(N(Y4)/Assumptions!$C$5, N(Z4)/Assumptions!$C$6, N(AA4)/Assumptions!$C$7, N(AB4)/Assumptions!$C$8, N(AC4)/Assumptions!$C$9, N(AD4)/Assumptions!$C$10, N(AE4)/Assumptions!$C$11, N(AF4)/Assumptions!$C$12, N(AG4)/Assumptions!$C$13),3) -> 2.267 | AK4: =IF(OR(U4="Pending",U4="On Hold"),"Open GRN (awaiting)",IF(AJ4<=1,"Within SLA",IF(ROUND(N(Y4)/Assumptions!$C$5,3)=AJ4,"Gate Wait",IF(ROUND(N(Z4)/Assumptions!$C$6,3)=AJ4,"Dock Wait",IF(ROUND(N(AA4)/Assumptions!$C$7,3)=AJ4,"Unloading",IF(ROUND(N(AB4)/Assumptions!$C$8,3)=AJ4,"Unload-to-QC Wait",IF(ROUND(N(AC4)/Assumptions!$C$9,3)=AJ4,"QC",IF(ROUND(N(AD4)/Assumptions!$C$10,3)=AJ4,"QC-to-GRN Wait",IF(ROUND(N(AE4)/Assumptions!$C$11,3)=AJ4,"GRN Processing",IF(ROUND(N(AF4)/Assumptions!$C$12,3)=AJ4,"GRN-to-Putaway Wait",IF(ROUND(N(AG4)/Assumptions!$C$13,3)=AJ4,"Putaway","Within SLA"))))))))))) -> Unload-to-QC Wait
A5: RCPT-00004 | B5: PO-26-75591 | C5: Vendor 04 | D5: Kalyan DC | E5: SKU-03-104 | F5: Home Care | G5: KLN-D1 | H5: 46204.291 | I5: 46204.304 | J5: 46204.307 | K5: 46204.333 | L5: 46204.348 | M5: 46204.368 | N5: 46204.374 | O5: 46204.396 | P5: 46204.401 | Q5: 46204.407 | R5: 223 | S5: 0 | T5: 1 | U5: Completed - Discrepancy | V5: Manpower | W5: =IF(AND(X5>=6,X5<14),"A",IF(AND(X5>=14,X5<22),"B","C")) -> A | X5: =HOUR(H5) -> 6 | Y5: =ROUND((I5-H5)*1440,0) -> 19 | Z5: =ROUND((J5-I5)*1440,0) -> 4 | AA5: =ROUND((K5-J5)*1440,0) -> 37 | AB5: =ROUND((L5-K5)*1440,0) -> 22 | AC5: =ROUND((M5-L5)*1440,0) -> 29 | AD5: =IF(N5="","",ROUND((N5-M5)*1440,0)) -> 8 | AE5: =IF(O5="","",ROUND((O5-N5)*1440,0)) -> 32 | AF5: =IF(P5="","",ROUND((P5-O5)*1440,0)) -> 8 | AG5: =IF(Q5="","",ROUND((Q5-P5)*1440,0)) -> 8 | AH5: =IF(Q5="","",ROUND((Q5-H5)*1440,0)) -> 167 | AI5: =ROUND(IF(O5="",Assumptions!$B$25-K5,O5-K5)*24,1) -> 1.5 | AJ5: =ROUND(MAX(N(Y5)/Assumptions!$C$5, N(Z5)/Assumptions!$C$6, N(AA5)/Assumptions!$C$7, N(AB5)/Assumptions!$C$8, N(AC5)/Assumptions!$C$9, N(AD5)/Assumptions!$C$10, N(AE5)/Assumptions!$C$11, N(AF5)/Assumptions!$C$12, N(AG5)/Assumptions!$C$13),3) -> 1.467 | AK5: =IF(OR(U5="Pending",U5="On Hold"),"Open GRN (awaiting)",IF(AJ5<=1,"Within SLA",IF(ROUND(N(Y5)/Assumptions!$C$5,3)=AJ5,"Gate Wait",IF(ROUND(N(Z5)/Assumptions!$C$6,3)=AJ5,"Dock Wait",IF(ROUND(N(AA5)/Assumptions!$C$7,3)=AJ5,"Unloading",IF(ROUND(N(AB5)/Assumptions!$C$8,3)=AJ5,"Unload-to-QC Wait",IF(ROUND(N(AC5)/Assumptions!$C$9,3)=AJ5,"QC",IF(ROUND(N(AD5)/Assumptions!$C$10,3)=AJ5,"QC-to-GRN Wait",IF(ROUND(N(AE5)/Assumptions!$C$11,3)=AJ5,"GRN Processing",IF(ROUND(N(AF5)/Assumptions!$C$12,3)=AJ5,"GRN-to-Putaway Wait",IF(ROUND(N(AG5)/Assumptions!$C$13,3)=AJ5,"Putaway","Within SLA"))))))))))) -> Unload-to-QC Wait
A6: RCPT-00005 | B6: PO-26-19735 | C6: Vendor 12 | D6: Bhiwandi DC | E6: SKU-04-688 | F6: Packaging | G6: BHW-D2 | H6: 46204.301 | I6: 46204.314 | J6: 46204.324 | K6: 46204.347 | L6: 46204.351 | M6: 46204.38 | N6: 46204.395 | O6: 46204.404 | P6: 46204.429 | Q6: 46204.44 | R6: 891 | S6: 0 | T6: 0 | U6: Completed | V6: Space / Equipment | W6: =IF(AND(X6>=6,X6<14),"A",IF(AND(X6>=14,X6<22),"B","C")) -> A | X6: =HOUR(H6) -> 7 | Y6: =ROUND((I6-H6)*1440,0) -> 18 | Z6: =ROUND((J6-I6)*1440,0) -> 15 | AA6: =ROUND((K6-J6)*1440,0) -> 32 | AB6: =ROUND((L6-K6)*1440,0) -> 7 | AC6: =ROUND((M6-L6)*1440,0) -> 41 | AD6: =IF(N6="","",ROUND((N6-M6)*1440,0)) -> 22 | AE6: =IF(O6="","",ROUND((O6-N6)*1440,0)) -> 13 | AF6: =IF(P6="","",ROUND((P6-O6)*1440,0)) -> 36 | AG6: =IF(Q6="","",ROUND((Q6-P6)*1440,0)) -> 16 | AH6: =IF(Q6="","",ROUND((Q6-H6)*1440,0)) -> 200 | AI6: =ROUND(IF(O6="",Assumptions!$B$25-K6,O6-K6)*24,1) -> 1.4 | AJ6: =ROUND(MAX(N(Y6)/Assumptions!$C$5, N(Z6)/Assumptions!$C$6, N(AA6)/Assumptions!$C$7, N(AB6)/Assumptions!$C$8, N(AC6)/Assumptions!$C$9, N(AD6)/Assumptions!$C$10, N(AE6)/Assumptions!$C$11, N(AF6)/Assumptions!$C$12, N(AG6)/Assumptions!$C$13),3) -> 1.8 | AK6: =IF(OR(U6="Pending",U6="On Hold"),"Open GRN (awaiting)",IF(AJ6<=1,"Within SLA",IF(ROUND(N(Y6)/Assumptions!$C$5,3)=AJ6,"Gate Wait",IF(ROUND(N(Z6)/Assumptions!$C$6,3)=AJ6,"Dock Wait",IF(ROUND(N(AA6)/Assumptions!$C$7,3)=AJ6,"Unloading",IF(ROUND(N(AB6)/Assumptions!$C$8,3)=AJ6,"Unload-to-QC Wait",IF(ROUND(N(AC6)/Assumptions!$C$9,3)=AJ6,"QC",IF(ROUND(N(AD6)/Assumptions!$C$10,3)=AJ6,"QC-to-GRN Wait",IF(ROUND(N(AE6)/Assumptions!$C$11,3)=AJ6,"GRN Processing",IF(ROUND(N(AF6)/Assumptions!$C$12,3)=AJ6,"GRN-to-Putaway Wait",IF(ROUND(N(AG6)/Assumptions!$C$13,3)=AJ6,"Putaway","Within SLA"))))))))))) -> GRN-to-Putaway Wait
A7: RCPT-00006 | B7: PO-26-36274 | C7: Vendor 11 | D7: Kalyan DC | E7: SKU-01-293 | F7: Beverages | G7: KLN-D1 | H7: 46204.31 | I7: 46204.342 | J7: 46204.349 | K7: 46204.396 | L7: 46204.408 | M7: 46204.429 | N7: 46204.485 | O7: 46204.516 | P7: 46204.533 | Q7: 46204.567 | R7: 355 | S7: 0 | T7: 0 | U7: Completed | V7: Documentation Mismatch | W7: =IF(AND(X7>=6,X7<14),"A",IF(AND(X7>=14,X7<22),"B","C")) -> A | X7: =HOUR(H7) -> 7 | Y7: =ROUND((I7-H7)*1440,0) -> 46 | Z7: =ROUND((J7-I7)*1440,0) -> 11 | AA7: =ROUND((K7-J7)*1440,0) -> 67 | AB7: =ROUND((L7-K7)*1440,0) -> 18 | AC7: =ROUND((M7-L7)*1440,0) -> 30 | AD7: =IF(N7="","",ROUND((N7-M7)*1440,0)) -> 80 | AE7: =IF(O7="","",ROUND((O7-N7)*1440,0)) -> 45 | AF7: =IF(P7="","",ROUND((P7-O7)*1440,0)) -> 25 | AG7: =IF(Q7="","",ROUND((Q7-P7)*1440,0)) -> 48 | AH7: =IF(Q7="","",ROUND((Q7-H7)*1440,0)) -> 370 | AI7: =ROUND(IF(O7="",Assumptions!$B$25-K7,O7-K7)*24,1) -> 2.9 | AJ7: =ROUND(MAX(N(Y7)/Assumptions!$C$5, N(Z7)/Assumptions!$C$6, N(AA7)/Assumptions!$C$7, N(AB7)/Assumptions!$C$8, N(AC7)/Assumptions!$C$9, N(AD7)/Assumptions!$C$10, N(AE7)/Assumptions!$C$11, N(AF7)/Assumptions!$C$12, N(AG7)/Assumptions!$C$13),3) -> 2.667 | AK7: =IF(OR(U7="Pending",U7="On Hold"),"Open GRN (awaiting)",IF(AJ7<=1,"Within SLA",IF(ROUND(N(Y7)/Assumptions!$C$5,3)=AJ7,"Gate Wait",IF(ROUND(N(Z7)/Assumptions!$C$6,3)=AJ7,"Dock Wait",IF(ROUND(N(AA7)/Assumptions!$C$7,3)=AJ7,"Unloading",IF(ROUND(N(AB7)/Assumptions!$C$8,3)=AJ7,"Unload-to-QC Wait",IF(ROUND(N(AC7)/Assumptions!$C$9,3)=AJ7,"QC",IF(ROUND(N(AD7)/Assumptions!$C$10,3)=AJ7,"QC-to-GRN Wait",IF(ROUND(N(AE7)/Assumptions!$C$11,3)=AJ7,"GRN Processing",IF(ROUND(N(AF7)/Assumptions!$C$12,3)=AJ7,"GRN-to-Putaway Wait",IF(ROUND(N(AG7)/Assumptions!$C$13,3)=AJ7,"Putaway","Within SLA"))))))))))) -> QC-to-GRN Wait
A8: RCPT-00007 | B8: PO-26-32694 | C8: Vendor 05 | D8: Kalyan DC | E8: SKU-03-837 | F8: Home Care | G8: KLN-D2 | H8: 46204.31 | I8: 46204.318 | J8: 46204.326 | K8: 46204.366 | L8: 46204.374 | M8: 46204.402 | N8: 46204.658 | O8: 46204.728 | P8: 46204.762 | Q8: 46204.772 | R8: 1670 | S8: 0 | T8: 0 | U8: Completed | V8: System | W8: =IF(AND(X8>=6,X8<14),"A",IF(AND(X8>=14,X8<22),"B","C")) -> A | X8: =HOUR(H8) -> 7 | Y8: =ROUND((I8-H8)*1440,0) -> 12 | Z8: =ROUND((J8-I8)*1440,0) -> 11 | AA8: =ROUND((K8-J8)*1440,0) -> 58 | AB8: =ROUND((L8-K8)*1440,0) -> 11 | AC8: =ROUND((M8-L8)*1440,0) -> 41 | AD8: =IF(N8="","",ROUND((N8-M8)*1440,0)) -> 369 | AE8: =IF(O8="","",ROUND((O8-N8)*1440,0)) -> 101 | AF8: =IF(P8="","",ROUND((P8-O8)*1440,0)) -> 49 | AG8: =IF(Q8="","",ROUND((Q8-P8)*1440,0)) -> 13 | AH8: =IF(Q8="","",ROUND((Q8-H8)*1440,0)) -> 665 | AI8: =ROUND(IF(O8="",Assumptions!$B$25-K8,O8-K8)*24,1) -> 8.7 | AJ8: =ROUND(MAX(N(Y8)/Assumptions!$C$5, N(Z8)/Assumptions!$C$6, N(AA8)/Assumptions!$C$7, N(AB8)/Assumptions!$C$8, N(AC8)/Assumptions!$C$9, N(AD8)/Assumptions!$C$10, N(AE8)/Assumptions!$C$11, N(AF8)/Assumptions!$C$12, N(AG8)/Assumptions!$C$13),3) -> 12.3 | AK8: =IF(OR(U8="Pending",U8="On Hold"),"Open GRN (awaiting)",IF(AJ8<=1,"Within SLA",IF(ROUND(N(Y8)/Assumptions!$C$5,3)=AJ8,"Gate Wait",IF(ROUND(N(Z8)/Assumptions!$C$6,3)=AJ8,"Dock Wait",IF(ROUND(N(AA8)/Assumptions!$C$7,3)=AJ8,"Unloading",IF(ROUND(N(AB8)/Assumptions!$C$8,3)=AJ8,"Unload-to-QC Wait",IF(ROUND(N(AC8)/Assumptions!$C$9,3)=AJ8,"QC",IF(ROUND(N(AD8)/Assumptions!$C$10,3)=AJ8,"QC-to-GRN Wait",IF(ROUND(N(AE8)/Assumptions!$C$11,3)=AJ8,"GRN Processing",IF(ROUND(N(AF8)/Assumptions!$C$12,3)=AJ8,"GRN-to-Putaway Wait",IF(ROUND(N(AG8)/Assumptions!$C$13,3)=AJ8,"Putaway","Within SLA"))))))))))) -> QC-to-GRN Wait
A9: RCPT-00008 | B9: PO-26-91108 | C9: Vendor 11 | D9: Kalyan DC | E9: SKU-01-312 | F9: Beverages | G9: KLN-D2 | H9: 46204.334 | I9: 46204.347 | J9: 46204.358 | K9: 46204.389 | L9: 46204.392 | M9: 46204.424 | N9: 46204.508 | O9: 46204.562 | P9: 46204.572 | Q9: 46204.595 | R9: 729 | S9: 0 | T9: 0 | U9: Completed | V9: Manpower | W9: =IF(AND(X9>=6,X9<14),"A",IF(AND(X9>=14,X9<22),"B","C")) -> A | X9: =HOUR(H9) -> 8 | Y9: =ROUND((I9-H9)*1440,0) -> 19 | Z9: =ROUND((J9-I9)*1440,0) -> 15 | AA9: =ROUND((K9-J9)*1440,0) -> 45 | AB9: =ROUND((L9-K9)*1440,0) -> 5 | AC9: =ROUND((M9-L9)*1440,0) -> 46 | AD9: =IF(N9="","",ROUND((N9-M9)*1440,0)) -> 120 | AE9: =IF(O9="","",ROUND((O9-N9)*1440,0)) -> 79 | AF9: =IF(P9="","",ROUND((P9-O9)*1440,0)) -> 14 | AG9: =IF(Q9="","",ROUND((Q9-P9)*1440,0)) -> 33 | AH9: =IF(Q9="","",ROUND((Q9-H9)*1440,0)) -> 376 | AI9: =ROUND(IF(O9="",Assumptions!$B$25-K9,O9-K9)*24,1) -> 4.2 | AJ9: =ROUND(MAX(N(Y9)/Assumptions!$C$5, N(Z9)/Assumptions!$C$6, N(AA9)/Assumptions!$C$7, N(AB9)/Assumptions!$C$8, N(AC9)/Assumptions!$C$9, N(AD9)/Assumptions!$C$10, N(AE9)/Assumptions!$C$11, N(AF9)/Assumptions!$C$12, N(AG9)/Assumptions!$C$13),3) -> 4 | AK9: =IF(OR(U9="Pending",U9="On Hold"),"Open GRN (awaiting)",IF(AJ9<=1,"Within SLA",IF(ROUND(N(Y9)/Assumptions!$C$5,3)=AJ9,"Gate Wait",IF(ROUND(N(Z9)/Assumptions!$C$6,3)=AJ9,"Dock Wait",IF(ROUND(N(AA9)/Assumptions!$C$7,3)=AJ9,"Unloading",IF(ROUND(N(AB9)/Assumptions!$C$8,3)=AJ9,"Unload-to-QC Wait",IF(ROUND(N(AC9)/Assumptions!$C$9,3)=AJ9,"QC",IF(ROUND(N(AD9)/Assumptions!$C$10,3)=AJ9,"QC-to-GRN Wait",IF(ROUND(N(AE9)/Assumptions!$C$11,3)=AJ9,"GRN Processing",IF(ROUND(N(AF9)/Assumptions!$C$12,3)=AJ9,"GRN-to-Putaway Wait",IF(ROUND(N(AG9)/Assumptions!$C$13,3)=AJ9,"Putaway","Within SLA"))))))))))) -> QC-to-GRN Wait
A10: RCPT-00009 | B10: PO-26-48414 | C10: Vendor 05 | D10: Bhiwandi DC | E10: SKU-03-464 | F10: Home Care | G10: BHW-D1 | H10: 46204.335 | I10: 46204.352 | J10: 46204.358 | K10: 46204.403 | L10: 46204.407 | M10: 46204.465 | N10: 46204.486 | O10: 46204.527 | P10: 46204.539 | Q10: 46204.546 | R10: 466 | S10: 0 | T10: 3 | U10: Completed - Discrepancy | V10: Vendor | W10: =IF(AND(X10>=6,X10<14),"A",IF(AND(X10>=14,X10<22),"B","C")) -> A | X10: =HOUR(H10) -> 8 | Y10: =ROUND((I10-H10)*1440,0) -> 24 | Z10: =ROUND((J10-I10)*1440,0) -> 8 | AA10: =ROUND((K10-J10)*1440,0) -> 66 | AB10: =ROUND((L10-K10)*1440,0) -> 5 | AC10: =ROUND((M10-L10)*1440,0) -> 83 | AD10: =IF(N10="","",ROUND((N10-M10)*1440,0)) -> 31 | AE10: =IF(O10="","",ROUND((O10-N10)*1440,0)) -> 59 | AF10: =IF(P10="","",ROUND((P10-O10)*1440,0)) -> 17 | AG10: =IF(Q10="","",ROUND((Q10-P10)*1440,0)) -> 10 | AH10: =IF(Q10="","",ROUND((Q10-H10)*1440,0)) -> 303 | AI10: =ROUND(IF(O10="",Assumptions!$B$25-K10,O10-K10)*24,1) -> 3 | AJ10: =ROUND(MAX(N(Y10)/Assumptions!$C$5, N(Z10)/Assumptions!$C$6, N(AA10)/Assumptions!$C$7, N(AB10)/Assumptions!$C$8, N(AC10)/Assumptions!$C$9, N(AD10)/Assumptions!$C$10, N(AE10)/Assumptions!$C$11, N(AF10)/Assumptions!$C$12, N(AG10)/Assumptions!$C$13),3) -> 1.844 | AK10: =IF(OR(U10="Pending",U10="On Hold"),"Open GRN (awaiting)",IF(AJ10<=1,"Within SLA",IF(ROUND(N(Y10)/Assumptions!$C$5,3)=AJ10,"Gate Wait",IF(ROUND(N(Z10)/Assumptions!$C$6,3)=AJ10,"Dock Wait",IF(ROUND(N(AA10)/Assumptions!$C$7,3)=AJ10,"Unloading",IF(ROUND(N(AB10)/Assumptions!$C$8,3)=AJ10,"Unload-to-QC Wait",IF(ROUND(N(AC10)/Assumptions!$C$9,3)=AJ10,"QC",IF(ROUND(N(AD10)/Assumptions!$C$10,3)=AJ10,"QC-to-GRN Wait",IF(ROUND(N(AE10)/Assumptions!$C$11,3)=AJ10,"GRN Processing",IF(ROUND(N(AF10)/Assumptions!$C$12,3)=AJ10,"GRN-to-Putaway Wait",IF(ROUND(N(AG10)/Assumptions!$C$13,3)=AJ10,"Putaway","Within SLA"))))))))))) -> QC
A11: RCPT-00010 | B11: PO-26-81898 | C11: Vendor 08 | D11: Bhiwandi DC | E11: SKU-02-707 | F11: Dairy & Frozen | G11: BHW-D2 | H11: 46204.337 | I11: 46204.364 | J11: 46204.376 | K11: 46204.397 | L11: 46204.406 | M11: 46204.42 | N11: 46204.424 | O11: 46204.442 | P11: 46204.451 | Q11: 46204.463 | R11: 78 | S11: 0 | T11: 0 | U11: Completed | V11: Vendor | W11: =IF(AND(X11>=6,X11<14),"A",IF(AND(X11>=14,X11<22),"B","C")) -> A | X11: =HOUR(H11) -> 8 | Y11: =ROUND((I11-H11)*1440,0) -> 39 | Z11: =ROUND((J11-I11)*1440,0) -> 17 | AA11: =ROUND((K11-J11)*1440,0) -> 31 | AB11: =ROUND((L11-K11)*1440,0) -> 13 | AC11: =ROUND((M11-L11)*1440,0) -> 20 | AD11: =IF(N11="","",ROUND((N11-M11)*1440,0)) -> 5 | AE11: =IF(O11="","",ROUND((O11-N11)*1440,0)) -> 26 | AF11: =IF(P11="","",ROUND((P11-O11)*1440,0)) -> 13 | AG11: =IF(Q11="","",ROUND((Q11-P11)*1440,0)) -> 18 | AH11: =IF(Q11="","",ROUND((Q11-H11)*1440,0)) -> 182 | AI11: =ROUND(IF(O11="",Assumptions!$B$25-K11,O11-K11)*24,1) -> 1.1 | AJ11: =ROUND(MAX(N(Y11)/Assumptions!$C$5, N(Z11)/Assumptions!$C$6, N(AA11)/Assumptions!$C$7, N(AB11)/Assumptions!$C$8, N(AC11)/Assumptions!$C$9, N(AD11)/Assumptions!$C$10, N(AE11)/Assumptions!$C$11, N(AF11)/Assumptions!$C$12, N(AG11)/Assumptions!$C$13),3) -> 1.3 | AK11: =IF(OR(U11="Pending",U11="On Hold"),"Open GRN (awaiting)",IF(AJ11<=1,"Within SLA",IF(ROUND(N(Y11)/Assumptions!$C$5,3)=AJ11,"Gate Wait",IF(ROUND(N(Z11)/Assumptions!$C$6,3)=AJ11,"Dock Wait",IF(ROUND(N(AA11)/Assumptions!$C$7,3)=AJ11,"Unloading",IF(ROUND(N(AB11)/Assumptions!$C$8,3)=AJ11,"Unload-to-QC Wait",IF(ROUND(N(AC11)/Assumptions!$C$9,3)=AJ11,"QC",IF(ROUND(N(AD11)/Assumptions!$C$10,3)=AJ11,"QC-to-GRN Wait",IF(ROUND(N(AE11)/Assumptions!$C$11,3)=AJ11,"GRN Processing",IF(ROUND(N(AF11)/Assumptions!$C$12,3)=AJ11,"GRN-to-Putaway Wait",IF(ROUND(N(AG11)/Assumptions!$C$13,3)=AJ11,"Putaway","Within SLA"))))))))))) -> Gate Wait
A12: RCPT-00011 | B12: PO-26-85314 | C12: Vendor 02 | D12: Pimplas DC | E12: SKU-06-829 | F12: Snacks | G12: PMP-D1 | H12: 46204.341 | I12: 46204.346 | J12: 46204.357 | K12: 46204.389 | L12: 46204.442 | M12: 46204.46 | N12: 46204.526 | O12: 46204.549 | P12: 46204.556 | Q12: 46204.612 | R12: 324 | S12: 0 | T12: 0 | U12: Completed | V12: Space / Equipment | W12: =IF(AND(X12>=6,X12<14),"A",IF(AND(X12>=14,X12<22),"B","C")) -> A | X12: =HOUR(H12) -> 8 | Y12: =ROUND((I12-H12)*1440,0) -> 7 | Z12: =ROUND((J12-I12)*1440,0) -> 16 | AA12: =ROUND((K12-J12)*1440,0) -> 46 | AB12: =ROUND((L12-K12)*1440,0) -> 77 | AC12: =ROUND((M12-L12)*1440,0) -> 25 | AD12: =IF(N12="","",ROUND((N12-M12)*1440,0)) -> 96 | AE12: =IF(O12="","",ROUND((O12-N12)*1440,0)) -> 33 | AF12: =IF(P12="","",ROUND((P12-O12)*1440,0)) -> 10 | AG12: =IF(Q12="","",ROUND((Q12-P12)*1440,0)) -> 80 | AH12: =IF(Q12="","",ROUND((Q12-H12)*1440,0)) -> 390 | AI12: =ROUND(IF(O12="",Assumptions!$B$25-K12,O12-K12)*24,1) -> 3.9 | AJ12: =ROUND(MAX(N(Y12)/Assumptions!$C$5, N(Z12)/Assumptions!$C$6, N(AA12)/Assumptions!$C$7, N(AB12)/Assumptions!$C$8, N(AC12)/Assumptions!$C$9, N(AD12)/Assumptions!$C$10, N(AE12)/Assumptions!$C$11, N(AF12)/Assumptions!$C$12, N(AG12)/Assumptions!$C$13),3) -> 5.133 | AK12: =IF(OR(U12="Pending",U12="On Hold"),"Open GRN (awaiting)",IF(AJ12<=1,"Within SLA",IF(ROUND(N(Y12)/Assumptions!$C$5,3)=AJ12,"Gate Wait",IF(ROUND(N(Z12)/Assumptions!$C$6,3)=AJ12,"Dock Wait",IF(ROUND(N(AA12)/Assumptions!$C$7,3)=AJ12,"Unloading",IF(ROUND(N(AB12)/Assumptions!$C$8,3)=AJ12,"Unload-to-QC Wait",IF(ROUND(N(AC12)/Assumptions!$C$9,3)=AJ12,"QC",IF(ROUND(N(AD12)/Assumptions!$C$10,3)=AJ12,"QC-to-GRN Wait",IF(ROUND(N(AE12)/Assumptions!$C$11,3)=AJ12,"GRN Processing",IF(ROUND(N(AF12)/Assumptions!$C$12,3)=AJ12,"GRN-to-Putaway Wait",IF(ROUND(N(AG12)/Assumptions!$C$13,3)=AJ12,"Putaway","Within SLA"))))))))))) -> Unload-to-QC Wait
A13: RCPT-00012 | B13: PO-26-60031 | C13: Vendor 04 | D13: Bhiwandi DC | E13: SKU-05-867 | F13: Personal Care | G13: BHW-D1 | H13: 46204.349 | I13: 46204.368 | J13: 46204.385 | K13: 46204.416 | L13: 46204.428 | M13: 46204.464 | N13: 46204.506 | O13: 46204.521 | P13: 46204.542 | Q13: 46204.556 | R13: 401 | S13: 0 | T13: 0 | U13: Completed | V13: System | W13: =IF(AND(X13>=6,X13<14),"A",IF(AND(X13>=14,X13<22),"B","C")) -> A | X13: =HOUR(H13) -> 8 | Y13: =ROUND((I13-H13)*1440,0) -> 28 | Z13: =ROUND((J13-I13)*1440,0) -> 24 | AA13: =ROUND((K13-J13)*1440,0) -> 45 | AB13: =ROUND((L13-K13)*1440,0) -> 18 | AC13: =ROUND((M13-L13)*1440,0) -> 51 | AD13: =IF(N13="","",ROUND((N13-M13)*1440,0)) -> 61 | AE13: =IF(O13="","",ROUND((O13-N13)*1440,0)) -> 21 | AF13: =IF(P13="","",ROUND((P13-O13)*1440,0)) -> 31 | AG13: =IF(Q13="","",ROUND((Q13-P13)*1440,0)) -> 20 | AH13: =IF(Q13="","",ROUND((Q13-H13)*1440,0)) -> 299 | AI13: =ROUND(IF(O13="",Assumptions!$B$25-K13,O13-K13)*24,1) -> 2.5 | AJ13: =ROUND(MAX(N(Y13)/Assumptions!$C$5, N(Z13)/Assumptions!$C$6, N(AA13)/Assumptions!$C$7, N(AB13)/Assumptions!$C$8, N(AC13)/Assumptions!$C$9, N(AD13)/Assumptions!$C$10, N(AE13)/Assumptions!$C$11, N(AF13)/Assumptions!$C$12, N(AG13)/Assumptions!$C$13),3) -> 2.033 | AK13: =IF(OR(U13="Pending",U13="On Hold"),"Open GRN (awaiting)",IF(AJ13<=1,"Within SLA",IF(ROUND(N(Y13)/Assumptions!$C$5,3)=AJ13,"Gate Wait",IF(ROUND(N(Z13)/Assumptions!$C$6,3)=AJ13,"Dock Wait",IF(ROUND(N(AA13)/Assumptions!$C$7,3)=AJ13,"Unloading",IF(ROUND(N(AB13)/Assumptions!$C$8,3)=AJ13,"Unload-to-QC Wait",IF(ROUND(N(AC13)/Assumptions!$C$9,3)=AJ13,"QC",IF(ROUND(N(AD13)/Assumptions!$C$10,3)=AJ13,"QC-to-GRN Wait",IF(ROUND(N(AE13)/Assumptions!$C$11,3)=AJ13,"GRN Processing",IF(ROUND(N(AF13)/Assumptions!$C$12,3)=AJ13,"GRN-to-Putaway Wait",IF(ROUND(N(AG13)/Assumptions!$C$13,3)=AJ13,"Putaway","Within SLA"))))))))))) -> QC-to-GRN Wait
... A3008: RCPT-03007 | B3008: PO-26-70581 | C3008: Vendor 12 | D3008: Pimplas DC | E3008: SKU-04-767 | F3008: Packaging | G3008: PMP-D1 | H3008: 46276.599 | I3008: 46276.614 | J3008: 46276.621 | K3008: 46276.642 | L3008: 46276.649 | M3008: 46276.659 | N3008: 46276.681 | O3008: 46276.78 | P3008: 46276.798 | Q3008: 46276.811 | R3008: 427 | S3008: 0 | T3008: 0 | U3008: Completed | V3008: Manpower | W3008: =IF(AND(X3008>=6,X3008<14),"A",IF(AND(X3008>=14,X3008<22),"B","C")) -> B | X3008: =HOUR(H3008) -> 14 | Y3008: =ROUND((I3008-H3008)*1440,0) -> 21 | Z3008: =ROUND((J3008-I3008)*1440,0) -> 10 | AA3008: =ROUND((K3008-J3008)*1440,0) -> 30 | AB3008: =ROUND((L3008-K3008)*1440,0) -> 11 | AC3008: =ROUND((M3008-L3008)*1440,0) -> 14 | AD3008: =IF(N3008="","",ROUND((N3008-M3008)*1440,0)) -> 32 | AE3008: =IF(O3008="","",ROUND((O3008-N3008)*1440,0)) -> 142 | AF3008: =IF(P3008="","",ROUND((P3008-O3008)*1440,0)) -> 26 | AG3008: =IF(Q3008="","",ROUND((Q3008-P3008)*1440,0)) -> 19 | AH3008: =IF(Q3008="","",ROUND((Q3008-H3008)*1440,0)) -> 305 | AI3008: =ROUND(IF(O3008="",Assumptions!$B$25-K3008,O3008-K3008)*24,1) -> 3.3 | AJ3008: =ROUND(MAX(N(Y3008)/Assumptions!$C$5, N(Z3008)/Assumptions!$C$6, N(AA3008)/Assumptions!$C$7, N(AB3008)/Assumptions!$C$8, N(AC3008)/Assumptions!$C$9, N(AD3008)/Assumptions!$C$10, N(AE3008)/Assumptions!$C$11, N(AF3008)/Assumptions!$C$12, N(AG3008)/Assumptions!$C$13),3) -> 3.156 | AK3008: =IF(OR(U3008="Pending",U3008="On Hold"),"Open GRN (awaiting)",IF(AJ3008<=1,"Within SLA",IF(ROUND(N(Y3008)/Assumptions!$C$5,3)=AJ3008,"Gate Wait",IF(ROUND(N(Z3008)/Assumptions!$C$6,3)=AJ3008,"Dock Wait",IF(ROUND(N(AA3008)/Assumptions!$C$7,3)=AJ3008,"Unloading",IF(ROUND(N(AB3008)/Assumptions!$C$8,3)=AJ3008,"Unload-to-QC Wait",IF(ROUND(N(AC3008)/Assumptions!$C$9,3)=AJ3008,"QC",IF(ROUND(N(AD3008)/Assumptions!$C$10,3)=AJ3008,"QC-to-GRN Wait",IF(ROUND(N(AE3008)/Assumptions!$C$11,3)=AJ3008,"GRN Processing",IF(ROUND(N(AF3008)/Assumptions!$C$12,3)=AJ3008,"GRN-to-Putaway Wait",IF(ROUND(N(AG3008)/Assumptions!$C$13,3)=AJ3008,"Putaway","Within SLA"))))))))))) -> GRN Processing
A3009: RCPT-03008 | B3009: PO-26-90445 | C3009: Vendor 10 | D3009: Pimplas DC | E3009: SKU-03-839 | F3009: Home Care | G3009: PMP-D1 | H3009: 46276.608 | I3009: 46276.635 | J3009: 46276.643 | K3009: 46276.687 | L3009: 46276.691 | M3009: 46276.703 | R3009: 242 | S3009: 0 | T3009: 0 | U3009: On Hold | V3009: Vendor | W3009: =IF(AND(X3009>=6,X3009<14),"A",IF(AND(X3009>=14,X3009<22),"B","C")) -> B | X3009: =HOUR(H3009) -> 14 | Y3009: =ROUND((I3009-H3009)*1440,0) -> 39 | Z3009: =ROUND((J3009-I3009)*1440,0) -> 12 | AA3009: =ROUND((K3009-J3009)*1440,0) -> 63 | AB3009: =ROUND((L3009-K3009)*1440,0) -> 6 | AC3009: =ROUND((M3009-L3009)*1440,0) -> 17 | AD3009: =IF(N3009="","",ROUND((N3009-M3009)*1440,0)) | AE3009: =IF(O3009="","",ROUND((O3009-N3009)*1440,0)) | AF3009: =IF(P3009="","",ROUND((P3009-O3009)*1440,0)) | AG3009: =IF(Q3009="","",ROUND((Q3009-P3009)*1440,0)) | AH3009: =IF(Q3009="","",ROUND((Q3009-H3009)*1440,0)) | AI3009: =ROUND(IF(O3009="",Assumptions!$B$25-K3009,O3009-K3009)*24,1) -> 495.5 | AJ3009: =ROUND(MAX(N(Y3009)/Assumptions!$C$5, N(Z3009)/Assumptions!$C$6, N(AA3009)/Assumptions!$C$7, N(AB3009)/Assumptions!$C$8, N(AC3009)/Assumptions!$C$9, N(AD3009)/Assumptions!$C$10, N(AE3009)/Assumptions!$C$11, N(AF3009)/Assumptions!$C$12, N(AG3009)/Assumptions!$C$13),3) -> 1.3 | AK3009: =IF(OR(U3009="Pending",U3009="On Hold"),"Open GRN (awaiting)",IF(AJ3009<=1,"Within SLA",IF(ROUND(N(Y3009)/Assumptions!$C$5,3)=AJ3009,"Gate Wait",IF(ROUND(N(Z3009)/Assumptions!$C$6,3)=AJ3009,"Dock Wait",IF(ROUND(N(AA3009)/Assumptions!$C$7,3)=AJ3009,"Unloading",IF(ROUND(N(AB3009)/Assumptions!$C$8,3)=AJ3009,"Unload-to-QC Wait",IF(ROUND(N(AC3009)/Assumptions!$C$9,3)=AJ3009,"QC",IF(ROUND(N(AD3009)/Assumptions!$C$10,3)=AJ3009,"QC-to-GRN Wait",IF(ROUND(N(AE3009)/Assumptions!$C$11,3)=AJ3009,"GRN Processing",IF(ROUND(N(AF3009)/Assumptions!$C$12,3)=AJ3009,"GRN-to-Putaway Wait",IF(ROUND(N(AG3009)/Assumptions!$C$13,3)=AJ3009,"Putaway","Within SLA"))))))))))) -> Open GRN (awaiting)
A3010: RCPT-03009 | B3010: PO-26-55550 | C3010: Vendor 06 | D3010: Bhiwandi DC | E3010: SKU-07-363 | F3010: Staples | G3010: BHW-D2 | H3010: 46276.614 | I3010: 46276.631 | J3010: 46276.633 | K3010: 46276.648 | L3010: 46276.66 | M3010: 46276.684 | N3010: 46276.705 | O3010: 46276.724 | P3010: 46276.736 | Q3010: 46276.755 | R3010: 465 | S3010: 0 | T3010: 0 | U3010: Completed | V3010: Space / Equipment | W3010: =IF(AND(X3010>=6,X3010<14),"A",IF(AND(X3010>=14,X3010<22),"B","C")) -> B | X3010: =HOUR(H3010) -> 14 | Y3010: =ROUND((I3010-H3010)*1440,0) -> 25 | Z3010: =ROUND((J3010-I3010)*1440,0) -> 3 | AA3010: =ROUND((K3010-J3010)*1440,0) -> 21 | AB3010: =ROUND((L3010-K3010)*1440,0) -> 18 | AC3010: =ROUND((M3010-L3010)*1440,0) -> 34 | AD3010: =IF(N3010="","",ROUND((N3010-M3010)*1440,0)) -> 30 | AE3010: =IF(O3010="","",ROUND((O3010-N3010)*1440,0)) -> 27 | AF3010: =IF(P3010="","",ROUND((P3010-O3010)*1440,0)) -> 18 | AG3010: =IF(Q3010="","",ROUND((Q3010-P3010)*1440,0)) -> 27 | AH3010: =IF(Q3010="","",ROUND((Q3010-H3010)*1440,0)) -> 203 | AI3010: =ROUND(IF(O3010="",Assumptions!$B$25-K3010,O3010-K3010)*24,1) -> 1.8 | AJ3010: =ROUND(MAX(N(Y3010)/Assumptions!$C$5, N(Z3010)/Assumptions!$C$6, N(AA3010)/Assumptions!$C$7, N(AB3010)/Assumptions!$C$8, N(AC3010)/Assumptions!$C$9, N(AD3010)/Assumptions!$C$10, N(AE3010)/Assumptions!$C$11, N(AF3010)/Assumptions!$C$12, N(AG3010)/Assumptions!$C$13),3) -> 1.2 | AK3010: =IF(OR(U3010="Pending",U3010="On Hold"),"Open GRN (awaiting)",IF(AJ3010<=1,"Within SLA",IF(ROUND(N(Y3010)/Assumptions!$C$5,3)=AJ3010,"Gate Wait",IF(ROUND(N(Z3010)/Assumptions!$C$6,3)=AJ3010,"Dock Wait",IF(ROUND(N(AA3010)/Assumptions!$C$7,3)=AJ3010,"Unloading",IF(ROUND(N(AB3010)/Assumptions!$C$8,3)=AJ3010,"Unload-to-QC Wait",IF(ROUND(N(AC3010)/Assumptions!$C$9,3)=AJ3010,"QC",IF(ROUND(N(AD3010)/Assumptions!$C$10,3)=AJ3010,"QC-to-GRN Wait",IF(ROUND(N(AE3010)/Assumptions!$C$11,3)=AJ3010,"GRN Processing",IF(ROUND(N(AF3010)/Assumptions!$C$12,3)=AJ3010,"GRN-to-Putaway Wait",IF(ROUND(N(AG3010)/Assumptions!$C$13,3)=AJ3010,"Putaway","Within SLA"))))))))))) -> Unload-to-QC Wait
A3011: RCPT-03010 | B3011: PO-26-78213 | C3011: Vendor 02 | D3011: Bhiwandi DC | E3011: SKU-06-402 | F3011: Snacks | G3011: BHW-D2 | H3011: 46276.622 | I3011: 46276.633 | J3011: 46276.635 | K3011: 46276.665 | L3011: 46276.681 | M3011: 46276.713 | N3011: 46276.732 | O3011: 46276.74 | P3011: 46276.765 | Q3011: 46276.799 | R3011: 649 | S3011: 0 | T3011: 0 | U3011: Completed | V3011: Manpower | W3011: =IF(AND(X3011>=6,X3011<14),"A",IF(AND(X3011>=14,X3011<22),"B","C")) -> B | X3011: =HOUR(H3011) -> 14 | Y3011: =ROUND((I3011-H3011)*1440,0) -> 15 | Z3011: =ROUND((J3011-I3011)*1440,0) -> 4 | AA3011: =ROUND((K3011-J3011)*1440,0) -> 43 | AB3011: =ROUND((L3011-K3011)*1440,0) -> 22 | AC3011: =ROUND((M3011-L3011)*1440,0) -> 47 | AD3011: =IF(N3011="","",ROUND((N3011-M3011)*1440,0)) -> 27 | AE3011: =IF(O3011="","",ROUND((O3011-N3011)*1440,0)) -> 11 | AF3011: =IF(P3011="","",ROUND((P3011-O3011)*1440,0)) -> 36 | AG3011: =IF(Q3011="","",ROUND((Q3011-P3011)*1440,0)) -> 49 | AH3011: =IF(Q3011="","",ROUND((Q3011-H3011)*1440,0)) -> 254 | AI3011: =ROUND(IF(O3011="",Assumptions!$B$25-K3011,O3011-K3011)*24,1) -> 1.8 | AJ3011: =ROUND(MAX(N(Y3011)/Assumptions!$C$5, N(Z3011)/Assumptions!$C$6, N(AA3011)/Assumptions!$C$7, N(AB3011)/Assumptions!$C$8, N(AC3011)/Assumptions!$C$9, N(AD3011)/Assumptions!$C$10, N(AE3011)/Assumptions!$C$11, N(AF3011)/Assumptions!$C$12, N(AG3011)/Assumptions!$C$13),3) -> 1.8 | AK3011: =IF(OR(U3011="Pending",U3011="On Hold"),"Open GRN (awaiting)",IF(AJ3011<=1,"Within SLA",IF(ROUND(N(Y3011)/Assumptions!$C$5,3)=AJ3011,"Gate Wait",IF(ROUND(N(Z3011)/Assumptions!$C$6,3)=AJ3011,"Dock Wait",IF(ROUND(N(AA3011)/Assumptions!$C$7,3)=AJ3011,"Unloading",IF(ROUND(N(AB3011)/Assumptions!$C$8,3)=AJ3011,"Unload-to-QC Wait",IF(ROUND(N(AC3011)/Assumptions!$C$9,3)=AJ3011,"QC",IF(ROUND(N(AD3011)/Assumptions!$C$10,3)=AJ3011,"QC-to-GRN Wait",IF(ROUND(N(AE3011)/Assumptions!$C$11,3)=AJ3011,"GRN Processing",IF(ROUND(N(AF3011)/Assumptions!$C$12,3)=AJ3011,"GRN-to-Putaway Wait",IF(ROUND(N(AG3011)/Assumptions!$C$13,3)=AJ3011,"Putaway","Within SLA"))))))))))) -> GRN-to-Putaway Wait
A3012: RCPT-03011 | B3012: PO-26-60478 | C3012: Vendor 08 | D3012: Kalyan DC | E3012: SKU-02-481 | F3012: Dairy & Frozen | G3012: KLN-D2 | H3012: 46276.653 | I3012: 46276.678 | J3012: 46276.686 | K3012: 46276.724 | L3012: 46276.735 | M3012: 46276.761 | N3012: 46276.775 | O3012: 46276.796 | P3012: 46276.806 | Q3012: 46276.826 | R3012: 771 | S3012: 0 | T3012: 0 | U3012: Completed | V3012: Space / Equipment | W3012: =IF(AND(X3012>=6,X3012<14),"A",IF(AND(X3012>=14,X3012<22),"B","C")) -> B | X3012: =HOUR(H3012) -> 15 | Y3012: =ROUND((I3012-H3012)*1440,0) -> 36 | Z3012: =ROUND((J3012-I3012)*1440,0) -> 11 | AA3012: =ROUND((K3012-J3012)*1440,0) -> 54 | AB3012: =ROUND((L3012-K3012)*1440,0) -> 17 | AC3012: =ROUND((M3012-L3012)*1440,0) -> 37 | AD3012: =IF(N3012="","",ROUND((N3012-M3012)*1440,0)) -> 20 | AE3012: =IF(O3012="","",ROUND((O3012-N3012)*1440,0)) -> 30 | AF3012: =IF(P3012="","",ROUND((P3012-O3012)*1440,0)) -> 14 | AG3012: =IF(Q3012="","",ROUND((Q3012-P3012)*1440,0)) -> 29 | AH3012: =IF(Q3012="","",ROUND((Q3012-H3012)*1440,0)) -> 248 | AI3012: =ROUND(IF(O3012="",Assumptions!$B$25-K3012,O3012-K3012)*24,1) -> 1.7 | AJ3012: =ROUND(MAX(N(Y3012)/Assumptions!$C$5, N(Z3012)/Assumptions!$C$6, N(AA3012)/Assumptions!$C$7, N(AB3012)/Assumptions!$C$8, N(AC3012)/Assumptions!$C$9, N(AD3012)/Assumptions!$C$10, N(AE3012)/Assumptions!$C$11, N(AF3012)/Assumptions!$C$12, N(AG3012)/Assumptions!$C$13),3) -> 1.2 | AK3012: =IF(OR(U3012="Pending",U3012="On Hold"),"Open GRN (awaiting)",IF(AJ3012<=1,"Within SLA",IF(ROUND(N(Y3012)/Assumptions!$C$5,3)=AJ3012,"Gate Wait",IF(ROUND(N(Z3012)/Assumptions!$C$6,3)=AJ3012,"Dock Wait",IF(ROUND(N(AA3012)/Assumptions!$C$7,3)=AJ3012,"Unloading",IF(ROUND(N(AB3012)/Assumptions!$C$8,3)=AJ3012,"Unload-to-QC Wait",IF(ROUND(N(AC3012)/Assumptions!$C$9,3)=AJ3012,"QC",IF(ROUND(N(AD3012)/Assumptions!$C$10,3)=AJ3012,"QC-to-GRN Wait",IF(ROUND(N(AE3012)/Assumptions!$C$11,3)=AJ3012,"GRN Processing",IF(ROUND(N(AF3012)/Assumptions!$C$12,3)=AJ3012,"GRN-to-Putaway Wait",IF(ROUND(N(AG3012)/Assumptions!$C$13,3)=AJ3012,"Putaway","Within SLA"))))))))))) -> Gate Wait
A3013: RCPT-03012 | B3013: PO-26-30776 | C3013: Vendor 09 | D3013: Bhiwandi DC | E3013: SKU-05-995 | F3013: Personal Care | G3013: BHW-D1 | H3013: 46276.671 | I3013: 46276.678 | J3013: 46276.684 | K3013: 46276.717 | L3013: 46276.726 | M3013: 46276.759 | N3013: 46276.778 | O3013: 46276.799 | P3013: 46276.804 | Q3013: 46276.817 | R3013: 342 | S3013: 0 | T3013: 0 | U3013: Completed | V3013: Vendor | W3013: =IF(AND(X3013>=6,X3013<14),"A",IF(AND(X3013>=14,X3013<22),"B","C")) -> B | X3013: =HOUR(H3013) -> 16 | Y3013: =ROUND((I3013-H3013)*1440,0) -> 11 | Z3013: =ROUND((J3013-I3013)*1440,0) -> 8 | AA3013: =ROUND((K3013-J3013)*1440,0) -> 47 | AB3013: =ROUND((L3013-K3013)*1440,0) -> 13 | AC3013: =ROUND((M3013-L3013)*1440,0) -> 48 | AD3013: =IF(N3013="","",ROUND((N3013-M3013)*1440,0)) -> 27 | AE3013: =IF(O3013="","",ROUND((O3013-N3013)*1440,0)) -> 30 | AF3013: =IF(P3013="","",ROUND((P3013-O3013)*1440,0)) -> 8 | AG3013: =IF(Q3013="","",ROUND((Q3013-P3013)*1440,0)) -> 19 | AH3013: =IF(Q3013="","",ROUND((Q3013-H3013)*1440,0)) -> 211 | AI3013: =ROUND(IF(O3013="",Assumptions!$B$25-K3013,O3013-K3013)*24,1) -> 2 | AJ3013: =ROUND(MAX(N(Y3013)/Assumptions!$C$5, N(Z3013)/Assumptions!$C$6, N(AA3013)/Assumptions!$C$7, N(AB3013)/Assumptions!$C$8, N(AC3013)/Assumptions!$C$9, N(AD3013)/Assumptions!$C$10, N(AE3013)/Assumptions!$C$11, N(AF3013)/Assumptions!$C$12, N(AG3013)/Assumptions!$C$13),3) -> 1.067 | AK3013: =IF(OR(U3013="Pending",U3013="On Hold"),"Open GRN (awaiting)",IF(AJ3013<=1,"Within SLA",IF(ROUND(N(Y3013)/Assumptions!$C$5,3)=AJ3013,"Gate Wait",IF(ROUND(N(Z3013)/Assumptions!$C$6,3)=AJ3013,"Dock Wait",IF(ROUND(N(AA3013)/Assumptions!$C$7,3)=AJ3013,"Unloading",IF(ROUND(N(AB3013)/Assumptions!$C$8,3)=AJ3013,"Unload-to-QC Wait",IF(ROUND(N(AC3013)/Assumptions!$C$9,3)=AJ3013,"QC",IF(ROUND(N(AD3013)/Assumptions!$C$10,3)=AJ3013,"QC-to-GRN Wait",IF(ROUND(N(AE3013)/Assumptions!$C$11,3)=AJ3013,"GRN Processing",IF(ROUND(N(AF3013)/Assumptions!$C$12,3)=AJ3013,"GRN-to-Putaway Wait",IF(ROUND(N(AG3013)/Assumptions!$C$13,3)=AJ3013,"Putaway","Within SLA"))))))))))) -> QC
A3014: RCPT-03013 | B3014: PO-26-61950 | C3014: Vendor 04 | D3014: Bhiwandi DC | E3014: SKU-05-728 | F3014: Personal Care | G3014: BHW-D2 | H3014: 46276.678 | I3014: 46276.704 | J3014: 46276.717 | K3014: 46276.735 | L3014: 46276.744 | M3014: 46276.77 | N3014: 46276.797 | O3014: 46276.804 | P3014: 46276.819 | Q3014: 46276.826 | R3014: 364 | S3014: 0 | T3014: 0 | U3014: Completed | V3014: Vendor | W3014: =IF(AND(X3014>=6,X3014<14),"A",IF(AND(X3014>=14,X3014<22),"B","C")) -> B | X3014: =HOUR(H3014) -> 16 | Y3014: =ROUND((I3014-H3014)*1440,0) -> 38 | Z3014: =ROUND((J3014-I3014)*1440,0) -> 18 | AA3014: =ROUND((K3014-J3014)*1440,0) -> 27 | AB3014: =ROUND((L3014-K3014)*1440,0) -> 12 | AC3014: =ROUND((M3014-L3014)*1440,0) -> 38 | AD3014: =IF(N3014="","",ROUND((N3014-M3014)*1440,0)) -> 38 | AE3014: =IF(O3014="","",ROUND((O3014-N3014)*1440,0)) -> 11 | AF3014: =IF(P3014="","",ROUND((P3014-O3014)*1440,0)) -> 21 | AG3014: =IF(Q3014="","",ROUND((Q3014-P3014)*1440,0)) -> 11 | AH3014: =IF(Q3014="","",ROUND((Q3014-H3014)*1440,0)) -> 214 | AI3014: =ROUND(IF(O3014="",Assumptions!$B$25-K3014,O3014-K3014)*24,1) -> 1.7 | AJ3014: =ROUND(MAX(N(Y3014)/Assumptions!$C$5, N(Z3014)/Assumptions!$C$6, N(AA3014)/Assumptions!$C$7, N(AB3014)/Assumptions!$C$8, N(AC3014)/Assumptions!$C$9, N(AD3014)/Assumptions!$C$10, N(AE3014)/Assumptions!$C$11, N(AF3014)/Assumptions!$C$12, N(AG3014)/Assumptions!$C$13),3) -> 1.267 | AK3014: =IF(OR(U3014="Pending",U3014="On Hold"),"Open GRN (awaiting)",IF(AJ3014<=1,"Within SLA",IF(ROUND(N(Y3014)/Assumptions!$C$5,3)=AJ3014,"Gate Wait",IF(ROUND(N(Z3014)/Assumptions!$C$6,3)=AJ3014,"Dock Wait",IF(ROUND(N(AA3014)/Assumptions!$C$7,3)=AJ3014,"Unloading",IF(ROUND(N(AB3014)/Assumptions!$C$8,3)=AJ3014,"Unload-to-QC Wait",IF(ROUND(N(AC3014)/Assumptions!$C$9,3)=AJ3014,"QC",IF(ROUND(N(AD3014)/Assumptions!$C$10,3)=AJ3014,"QC-to-GRN Wait",IF(ROUND(N(AE3014)/Assumptions!$C$11,3)=AJ3014,"GRN Processing",IF(ROUND(N(AF3014)/Assumptions!$C$12,3)=AJ3014,"GRN-to-Putaway Wait",IF(ROUND(N(AG3014)/Assumptions!$C$13,3)=AJ3014,"Putaway","Within SLA"))))))))))) -> Gate Wait
A3015: RCPT-03014 | B3015: PO-26-68175 | C3015: Vendor 05 | D3015: Pimplas DC | E3015: SKU-03-739 | F3015: Home Care | G3015: PMP-D2 | H3015: 46276.678 | I3015: 46276.688 | J3015: 46276.694 | K3015: 46276.728 | L3015: 46276.737 | M3015: 46276.767 | N3015: 46276.772 | O3015: 46276.797 | P3015: 46276.815 | Q3015: 46276.826 | R3015: 436 | S3015: 0 | T3015: 0 | U3015: Completed | V3015: Manpower | W3015: =IF(AND(X3015>=6,X3015<14),"A",IF(AND(X3015>=14,X3015<22),"B","C")) -> B | X3015: =HOUR(H3015) -> 16 | Y3015: =ROUND((I3015-H3015)*1440,0) -> 14 | Z3015: =ROUND((J3015-I3015)*1440,0) -> 9 | AA3015: =ROUND((K3015-J3015)*1440,0) -> 49 | AB3015: =ROUND((L3015-K3015)*1440,0) -> 12 | AC3015: =ROUND((M3015-L3015)*1440,0) -> 43 | AD3015: =IF(N3015="","",ROUND((N3015-M3015)*1440,0)) -> 7 | AE3015: =IF(O3015="","",ROUND((O3015-N3015)*1440,0)) -> 36 | AF3015: =IF(P3015="","",ROUND((P3015-O3015)*1440,0)) -> 27 | AG3015: =IF(Q3015="","",ROUND((Q3015-P3015)*1440,0)) -> 16 | AH3015: =IF(Q3015="","",ROUND((Q3015-H3015)*1440,0)) -> 213 | AI3015: =ROUND(IF(O3015="",Assumptions!$B$25-K3015,O3015-K3015)*24,1) -> 1.6 | AJ3015: =ROUND(MAX(N(Y3015)/Assumptions!$C$5, N(Z3015)/Assumptions!$C$6, N(AA3015)/Assumptions!$C$7, N(AB3015)/Assumptions!$C$8, N(AC3015)/Assumptions!$C$9, N(AD3015)/Assumptions!$C$10, N(AE3015)/Assumptions!$C$11, N(AF3015)/Assumptions!$C$12, N(AG3015)/Assumptions!$C$13),3) -> 1.35 | AK3015: =IF(OR(U3015="Pending",U3015="On Hold"),"Open GRN (awaiting)",IF(AJ3015<=1,"Within SLA",IF(ROUND(N(Y3015)/Assumptions!$C$5,3)=AJ3015,"Gate Wait",IF(ROUND(N(Z3015)/Assumptions!$C$6,3)=AJ3015,"Dock Wait",IF(ROUND(N(AA3015)/Assumptions!$C$7,3)=AJ3015,"Unloading",IF(ROUND(N(AB3015)/Assumptions!$C$8,3)=AJ3015,"Unload-to-QC Wait",IF(ROUND(N(AC3015)/Assumptions!$C$9,3)=AJ3015,"QC",IF(ROUND(N(AD3015)/Assumptions!$C$10,3)=AJ3015,"QC-to-GRN Wait",IF(ROUND(N(AE3015)/Assumptions!$C$11,3)=AJ3015,"GRN Processing",IF(ROUND(N(AF3015)/Assumptions!$C$12,3)=AJ3015,"GRN-to-Putaway Wait",IF(ROUND(N(AG3015)/Assumptions!$C$13,3)=AJ3015,"Putaway","Within SLA"))))))))))) -> GRN-to-Putaway Wait
A3016: RCPT-03015 | B3016: PO-26-47030 | C3016: Vendor 03 | D3016: Kalyan DC | E3016: SKU-01-378 | F3016: Beverages | G3016: KLN-D2 | H3016: 46276.687 | I3016: 46276.713 | J3016: 46276.716 | K3016: 46276.762 | L3016: 46276.782 | M3016: 46276.838 | N3016: 46276.972 | O3016: 46277.004 | P3016: 46277.015 | Q3016: 46277.029 | R3016: 1175 | S3016: 0 | T3016: 11 | U3016: Completed - Discrepancy | V3016: Documentation Mismatch | W3016: =IF(AND(X3016>=6,X3016<14),"A",IF(AND(X3016>=14,X3016<22),"B","C")) -> B | X3016: =HOUR(H3016) -> 16 | Y3016: =ROUND((I3016-H3016)*1440,0) -> 37 | Z3016: =ROUND((J3016-I3016)*1440,0) -> 5 | AA3016: =ROUND((K3016-J3016)*1440,0) -> 66 | AB3016: =ROUND((L3016-K3016)*1440,0) -> 29 | AC3016: =ROUND((M3016-L3016)*1440,0) -> 80 | AD3016: =IF(N3016="","",ROUND((N3016-M3016)*1440,0)) -> 194 | AE3016: =IF(O3016="","",ROUND((O3016-N3016)*1440,0)) -> 46 | AF3016: =IF(P3016="","",ROUND((P3016-O3016)*1440,0)) -> 16 | AG3016: =IF(Q3016="","",ROUND((Q3016-P3016)*1440,0)) -> 20 | AH3016: =IF(Q3016="","",ROUND((Q3016-H3016)*1440,0)) -> 493 | AI3016: =ROUND(IF(O3016="",Assumptions!$B$25-K3016,O3016-K3016)*24,1) -> 5.8 | AJ3016: =ROUND(MAX(N(Y3016)/Assumptions!$C$5, N(Z3016)/Assumptions!$C$6, N(AA3016)/Assumptions!$C$7, N(AB3016)/Assumptions!$C$8, N(AC3016)/Assumptions!$C$9, N(AD3016)/Assumptions!$C$10, N(AE3016)/Assumptions!$C$11, N(AF3016)/Assumptions!$C$12, N(AG3016)/Assumptions!$C$13),3) -> 6.467 | AK3016: =IF(OR(U3016="Pending",U3016="On Hold"),"Open GRN (awaiting)",IF(AJ3016<=1,"Within SLA",IF(ROUND(N(Y3016)/Assumptions!$C$5,3)=AJ3016,"Gate Wait",IF(ROUND(N(Z3016)/Assumptions!$C$6,3)=AJ3016,"Dock Wait",IF(ROUND(N(AA3016)/Assumptions!$C$7,3)=AJ3016,"Unloading",IF(ROUND(N(AB3016)/Assumptions!$C$8,3)=AJ3016,"Unload-to-QC Wait",IF(ROUND(N(AC3016)/Assumptions!$C$9,3)=AJ3016,"QC",IF(ROUND(N(AD3016)/Assumptions!$C$10,3)=AJ3016,"QC-to-GRN Wait",IF(ROUND(N(AE3016)/Assumptions!$C$11,3)=AJ3016,"GRN Processing",IF(ROUND(N(AF3016)/Assumptions!$C$12,3)=AJ3016,"GRN-to-Putaway Wait",IF(ROUND(N(AG3016)/Assumptions!$C$13,3)=AJ3016,"Putaway","Within SLA"))))))))))) -> QC-to-GRN Wait
A3017: RCPT-03016 | B3017: PO-26-15946 | C3017: Vendor 08 | D3017: Pimplas DC | E3017: SKU-02-377 | F3017: Dairy & Frozen | G3017: PMP-D1 | H3017: 46276.692 | I3017: 46276.703 | J3017: 46276.711 | K3017: 46276.731 | L3017: 46276.738 | M3017: 46276.753 | N3017: 46276.853 | O3017: 46276.885 | P3017: 46276.91 | Q3017: 46276.949 | R3017: 322 | S3017: 0 | T3017: 0 | U3017: Completed | V3017: System | W3017: =IF(AND(X3017>=6,X3017<14),"A",IF(AND(X3017>=14,X3017<22),"B","C")) -> B | X3017: =HOUR(H3017) -> 16 | Y3017: =ROUND((I3017-H3017)*1440,0) -> 16 | Z3017: =ROUND((J3017-I3017)*1440,0) -> 12 | AA3017: =ROUND((K3017-J3017)*1440,0) -> 29 | AB3017: =ROUND((L3017-K3017)*1440,0) -> 9 | AC3017: =ROUND((M3017-L3017)*1440,0) -> 23 | AD3017: =IF(N3017="","",ROUND((N3017-M3017)*1440,0)) -> 143 | AE3017: =IF(O3017="","",ROUND((O3017-N3017)*1440,0)) -> 46 | AF3017: =IF(P3017="","",ROUND((P3017-O3017)*1440,0)) -> 36 | AG3017: =IF(Q3017="","",ROUND((Q3017-P3017)*1440,0)) -> 56 | AH3017: =IF(Q3017="","",ROUND((Q3017-H3017)*1440,0)) -> 370 | AI3017: =ROUND(IF(O3017="",Assumptions!$B$25-K3017,O3017-K3017)*24,1) -> 3.7 | AJ3017: =ROUND(MAX(N(Y3017)/Assumptions!$C$5, N(Z3017)/Assumptions!$C$6, N(AA3017)/Assumptions!$C$7, N(AB3017)/Assumptions!$C$8, N(AC3017)/Assumptions!$C$9, N(AD3017)/Assumptions!$C$10, N(AE3017)/Assumptions!$C$11, N(AF3017)/Assumptions!$C$12, N(AG3017)/Assumptions!$C$13),3) -> 4.767 | AK3017: =IF(OR(U3017="Pending",U3017="On Hold"),"Open GRN (awaiting)",IF(AJ3017<=1,"Within SLA",IF(ROUND(N(Y3017)/Assumptions!$C$5,3)=AJ3017,"Gate Wait",IF(ROUND(N(Z3017)/Assumptions!$C$6,3)=AJ3017,"Dock Wait",IF(ROUND(N(AA3017)/Assumptions!$C$7,3)=AJ3017,"Unloading",IF(ROUND(N(AB3017)/Assumptions!$C$8,3)=AJ3017,"Unload-to-QC Wait",IF(ROUND(N(AC3017)/Assumptions!$C$9,3)=AJ3017,"QC",IF(ROUND(N(AD3017)/Assumptions!$C$10,3)=AJ3017,"QC-to-GRN Wait",IF(ROUND(N(AE3017)/Assumptions!$C$11,3)=AJ3017,"GRN Processing",IF(ROUND(N(AF3017)/Assumptions!$C$12,3)=AJ3017,"GRN-to-Putaway Wait",IF(ROUND(N(AG3017)/Assumptions!$C$13,3)=AJ3017,"Putaway","Within SLA"))))))))))) -> QC-to-GRN Wait
A3018: RCPT-03017 | B3018: PO-26-95892 | C3018: Vendor 05 | D3018: Bhiwandi DC | E3018: SKU-03-897 | F3018: Home Care | G3018: BHW-D2 | H3018: 46276.725 | I3018: 46276.738 | J3018: 46276.752 | K3018: 46276.762 | L3018: 46276.767 | M3018: 46276.783 | N3018: 46276.846 | O3018: 46276.876 | P3018: 46276.901 | Q3018: 46276.913 | R3018: 206 | S3018: 0 | T3018: 0 | U3018: Completed | V3018: Documentation Mismatch | W3018: =IF(AND(X3018>=6,X3018<14),"A",IF(AND(X3018>=14,X3018<22),"B","C")) -> B | X3018: =HOUR(H3018) -> 17 | Y3018: =ROUND((I3018-H3018)*1440,0) -> 19 | Z3018: =ROUND((J3018-I3018)*1440,0) -> 20 | AA3018: =ROUND((K3018-J3018)*1440,0) -> 15 | AB3018: =ROUND((L3018-K3018)*1440,0) -> 7 | AC3018: =ROUND((M3018-L3018)*1440,0) -> 23 | AD3018: =IF(N3018="","",ROUND((N3018-M3018)*1440,0)) -> 90 | AE3018: =IF(O3018="","",ROUND((O3018-N3018)*1440,0)) -> 44 | AF3018: =IF(P3018="","",ROUND((P3018-O3018)*1440,0)) -> 35 | AG3018: =IF(Q3018="","",ROUND((Q3018-P3018)*1440,0)) -> 18 | AH3018: =IF(Q3018="","",ROUND((Q3018-H3018)*1440,0)) -> 271 | AI3018: =ROUND(IF(O3018="",Assumptions!$B$25-K3018,O3018-K3018)*24,1) -> 2.7 | AJ3018: =ROUND(MAX(N(Y3018)/Assumptions!$C$5, N(Z3018)/Assumptions!$C$6, N(AA3018)/Assumptions!$C$7, N(AB3018)/Assumptions!$C$8, N(AC3018)/Assumptions!$C$9, N(AD3018)/Assumptions!$C$10, N(AE3018)/Assumptions!$C$11, N(AF3018)/Assumptions!$C$12, N(AG3018)/Assumptions!$C$13),3) -> 3 | AK3018: =IF(OR(U3018="Pending",U3018="On Hold"),"Open GRN (awaiting)",IF(AJ3018<=1,"Within SLA",IF(ROUND(N(Y3018)/Assumptions!$C$5,3)=AJ3018,"Gate Wait",IF(ROUND(N(Z3018)/Assumptions!$C$6,3)=AJ3018,"Dock Wait",IF(ROUND(N(AA3018)/Assumptions!$C$7,3)=AJ3018,"Unloading",IF(ROUND(N(AB3018)/Assumptions!$C$8,3)=AJ3018,"Unload-to-QC Wait",IF(ROUND(N(AC3018)/Assumptions!$C$9,3)=AJ3018,"QC",IF(ROUND(N(AD3018)/Assumptions!$C$10,3)=AJ3018,"QC-to-GRN Wait",IF(ROUND(N(AE3018)/Assumptions!$C$11,3)=AJ3018,"GRN Processing",IF(ROUND(N(AF3018)/Assumptions!$C$12,3)=AJ3018,"GRN-to-Putaway Wait",IF(ROUND(N(AG3018)/Assumptions!$C$13,3)=AJ3018,"Putaway","Within SLA"))))))))))) -> QC-to-GRN Wait
A3019: RCPT-03018 | B3019: PO-26-42999 | C3019: Vendor 02 | D3019: Kalyan DC | E3019: SKU-06-554 | F3019: Snacks | G3019: KLN-D2 | H3019: 46276.729 | I3019: 46276.735 | J3019: 46276.744 | K3019: 46276.772 | L3019: 46276.786 | M3019: 46276.804 | N3019: 46276.815 | O3019: 46276.84 | P3019: 46276.856 | Q3019: 46276.871 | R3019: 289 | S3019: 0 | T3019: 0 | U3019: Completed | V3019: Space / Equipment | W3019: =IF(AND(X3019>=6,X3019<14),"A",IF(AND(X3019>=14,X3019<22),"B","C")) -> B | X3019: =HOUR(H3019) -> 17 | Y3019: =ROUND((I3019-H3019)*1440,0) -> 9 | Z3019: =ROUND((J3019-I3019)*1440,0) -> 13 | AA3019: =ROUND((K3019-J3019)*1440,0) -> 40 | AB3019: =ROUND((L3019-K3019)*1440,0) -> 20 | AC3019: =ROUND((M3019-L3019)*1440,0) -> 26 | AD3019: =IF(N3019="","",ROUND((N3019-M3019)*1440,0)) -> 16 | AE3019: =IF(O3019="","",ROUND((O3019-N3019)*1440,0)) -> 36 | AF3019: =IF(P3019="","",ROUND((P3019-O3019)*1440,0)) -> 22 | AG3019: =IF(Q3019="","",ROUND((Q3019-P3019)*1440,0)) -> 22 | AH3019: =IF(Q3019="","",ROUND((Q3019-H3019)*1440,0)) -> 204 | AI3019: =ROUND(IF(O3019="",Assumptions!$B$25-K3019,O3019-K3019)*24,1) -> 1.6 | AJ3019: =ROUND(MAX(N(Y3019)/Assumptions!$C$5, N(Z3019)/Assumptions!$C$6, N(AA3019)/Assumptions!$C$7, N(AB3019)/Assumptions!$C$8, N(AC3019)/Assumptions!$C$9, N(AD3019)/Assumptions!$C$10, N(AE3019)/Assumptions!$C$11, N(AF3019)/Assumptions!$C$12, N(AG3019)/Assumptions!$C$13),3) -> 1.333 | AK3019: =IF(OR(U3019="Pending",U3019="On Hold"),"Open GRN (awaiting)",IF(AJ3019<=1,"Within SLA",IF(ROUND(N(Y3019)/Assumptions!$C$5,3)=AJ3019,"Gate Wait",IF(ROUND(N(Z3019)/Assumptions!$C$6,3)=AJ3019,"Dock Wait",IF(ROUND(N(AA3019)/Assumptions!$C$7,3)=AJ3019,"Unloading",IF(ROUND(N(AB3019)/Assumptions!$C$8,3)=AJ3019,"Unload-to-QC Wait",IF(ROUND(N(AC3019)/Assumptions!$C$9,3)=AJ3019,"QC",IF(ROUND(N(AD3019)/Assumptions!$C$10,3)=AJ3019,"QC-to-GRN Wait",IF(ROUND(N(AE3019)/Assumptions!$C$11,3)=AJ3019,"GRN Processing",IF(ROUND(N(AF3019)/Assumptions!$C$12,3)=AJ3019,"GRN-to-Putaway Wait",IF(ROUND(N(AG3019)/Assumptions!$C$13,3)=AJ3019,"Putaway","Within SLA"))))))))))) -> Unload-to-QC Wait
A3020: RCPT-03019 | B3020: PO-26-47246 | C3020: Vendor 05 | D3020: Kalyan DC | E3020: SKU-03-393 | F3020: Home Care | G3020: KLN-D2 | H3020: 46276.733 | I3020: 46276.757 | J3020: 46276.766 | K3020: 46276.797 | L3020: 46276.806 | M3020: 46276.839 | N3020: 46276.849 | O3020: 46276.962 | P3020: 46276.969 | Q3020: 46276.98 | R3020: 308 | S3020: 0 | T3020: 0 | U3020: Completed | V3020: System | W3020: =IF(AND(X3020>=6,X3020<14),"A",IF(AND(X3020>=14,X3020<22),"B","C")) -> B | X3020: =HOUR(H3020) -> 17 | Y3020: =ROUND((I3020-H3020)*1440,0) -> 34 | Z3020: =ROUND((J3020-I3020)*1440,0) -> 13 | AA3020: =ROUND((K3020-J3020)*1440,0) -> 45 | AB3020: =ROUND((L3020-K3020)*1440,0) -> 12 | AC3020: =ROUND((M3020-L3020)*1440,0) -> 48 | AD3020: =IF(N3020="","",ROUND((N3020-M3020)*1440,0)) -> 14 | AE3020: =IF(O3020="","",ROUND((O3020-N3020)*1440,0)) -> 163 | AF3020: =IF(P3020="","",ROUND((P3020-O3020)*1440,0)) -> 10 | AG3020: =IF(Q3020="","",ROUND((Q3020-P3020)*1440,0)) -> 16 | AH3020: =IF(Q3020="","",ROUND((Q3020-H3020)*1440,0)) -> 355 | AI3020: =ROUND(IF(O3020="",Assumptions!$B$25-K3020,O3020-K3020)*24,1) -> 4 | AJ3020: =ROUND(MAX(N(Y3020)/Assumptions!$C$5, N(Z3020)/Assumptions!$C$6, N(AA3020)/Assumptions!$C$7, N(AB3020)/Assumptions!$C$8, N(AC3020)/Assumptions!$C$9, N(AD3020)/Assumptions!$C$10, N(AE3020)/Assumptions!$C$11, N(AF3020)/Assumptions!$C$12, N(AG3020)/Assumptions!$C$13),3) -> 3.622 | AK3020: =IF(OR(U3020="Pending",U3020="On Hold"),"Open GRN (awaiting)",IF(AJ3020<=1,"Within SLA",IF(ROUND(N(Y3020)/Assumptions!$C$5,3)=AJ3020,"Gate Wait",IF(ROUND(N(Z3020)/Assumptions!$C$6,3)=AJ3020,"Dock Wait",IF(ROUND(N(AA3020)/Assumptions!$C$7,3)=AJ3020,"Unloading",IF(ROUND(N(AB3020)/Assumptions!$C$8,3)=AJ3020,"Unload-to-QC Wait",IF(ROUND(N(AC3020)/Assumptions!$C$9,3)=AJ3020,"QC",IF(ROUND(N(AD3020)/Assumptions!$C$10,3)=AJ3020,"QC-to-GRN Wait",IF(ROUND(N(AE3020)/Assumptions!$C$11,3)=AJ3020,"GRN Processing",IF(ROUND(N(AF3020)/Assumptions!$C$12,3)=AJ3020,"GRN-to-Putaway Wait",IF(ROUND(N(AG3020)/Assumptions!$C$13,3)=AJ3020,"Putaway","Within SLA"))))))))))) -> GRN Processing
A3021: RCPT-03020 | B3021: PO-26-59628 | C3021: Vendor 05 | D3021: Bhiwandi DC | E3021: SKU-03-465 | F3021: Home Care | G3021: BHW-D2 | H3021: 46276.735 | I3021: 46276.831 | J3021: 46276.835 | K3021: 46276.883 | L3021: 46276.889 | M3021: 46276.899 | N3021: 46276.906 | O3021: 46276.942 | P3021: 46276.965 | Q3021: 46276.974 | R3021: 482 | S3021: 0 | T3021: 0 | U3021: Completed | V3021: Space / Equipment | W3021: =IF(AND(X3021>=6,X3021<14),"A",IF(AND(X3021>=14,X3021<22),"B","C")) -> B | X3021: =HOUR(H3021) -> 17 | Y3021: =ROUND((I3021-H3021)*1440,0) -> 138 | Z3021: =ROUND((J3021-I3021)*1440,0) -> 6 | AA3021: =ROUND((K3021-J3021)*1440,0) -> 70 | AB3021: =ROUND((L3021-K3021)*1440,0) -> 8 | AC3021: =ROUND((M3021-L3021)*1440,0) -> 15 | AD3021: =IF(N3021="","",ROUND((N3021-M3021)*1440,0)) -> 9 | AE3021: =IF(O3021="","",ROUND((O3021-N3021)*1440,0)) -> 53 | AF3021: =IF(P3021="","",ROUND((P3021-O3021)*1440,0)) -> 32 | AG3021: =IF(Q3021="","",ROUND((Q3021-P3021)*1440,0)) -> 14 | AH3021: =IF(Q3021="","",ROUND((Q3021-H3021)*1440,0)) -> 345 | AI3021: =ROUND(IF(O3021="",Assumptions!$B$25-K3021,O3021-K3021)*24,1) -> 1.4 | AJ3021: =ROUND(MAX(N(Y3021)/Assumptions!$C$5, N(Z3021)/Assumptions!$C$6, N(AA3021)/Assumptions!$C$7, N(AB3021)/Assumptions!$C$8, N(AC3021)/Assumptions!$C$9, N(AD3021)/Assumptions!$C$10, N(AE3021)/Assumptions!$C$11, N(AF3021)/Assumptions!$C$12, N(AG3021)/Assumptions!$C$13),3) -> 4.6 | AK3021: =IF(OR(U3021="Pending",U3021="On Hold"),"Open GRN (awaiting)",IF(AJ3021<=1,"Within SLA",IF(ROUND(N(Y3021)/Assumptions!$C$5,3)=AJ3021,"Gate Wait",IF(ROUND(N(Z3021)/Assumptions!$C$6,3)=AJ3021,"Dock Wait",IF(ROUND(N(AA3021)/Assumptions!$C$7,3)=AJ3021,"Unloading",IF(ROUND(N(AB3021)/Assumptions!$C$8,3)=AJ3021,"Unload-to-QC Wait",IF(ROUND(N(AC3021)/Assumptions!$C$9,3)=AJ3021,"QC",IF(ROUND(N(AD3021)/Assumptions!$C$10,3)=AJ3021,"QC-to-GRN Wait",IF(ROUND(N(AE3021)/Assumptions!$C$11,3)=AJ3021,"GRN Processing",IF(ROUND(N(AF3021)/Assumptions!$C$12,3)=AJ3021,"GRN-to-Putaway Wait",IF(ROUND(N(AG3021)/Assumptions!$C$13,3)=AJ3021,"Putaway","Within SLA"))))))))))) -> Gate Wait
... A3038: RCPT-03037 | B3038: PO-26-26203 | C3038: Vendor 03 | D3038: Bhiwandi DC | E3038: SKU-01-638 | F3038: Beverages | G3038: BHW-D1 | H3038: 46277.31 | I3038: 46277.327 | J3038: 46277.332 | K3038: 46277.356 | L3038: 46277.369 | M3038: 46277.416 | N3038: 46277.453 | O3038: 46277.501 | P3038: 46277.511 | Q3038: 46277.522 | R3038: 295 | S3038: 0 | T3038: 0 | U3038: Completed | V3038: Manpower | W3038: =IF(AND(X3038>=6,X3038<14),"A",IF(AND(X3038>=14,X3038<22),"B","C")) -> A | X3038: =HOUR(H3038) -> 7 | Y3038: =ROUND((I3038-H3038)*1440,0) -> 25 | Z3038: =ROUND((J3038-I3038)*1440,0) -> 7 | AA3038: =ROUND((K3038-J3038)*1440,0) -> 34 | AB3038: =ROUND((L3038-K3038)*1440,0) -> 19 | AC3038: =ROUND((M3038-L3038)*1440,0) -> 68 | AD3038: =IF(N3038="","",ROUND((N3038-M3038)*1440,0)) -> 54 | AE3038: =IF(O3038="","",ROUND((O3038-N3038)*1440,0)) -> 69 | AF3038: =IF(P3038="","",ROUND((P3038-O3038)*1440,0)) -> 14 | AG3038: =IF(Q3038="","",ROUND((Q3038-P3038)*1440,0)) -> 16 | AH3038: =IF(Q3038="","",ROUND((Q3038-H3038)*1440,0)) -> 306 | AI3038: =ROUND(IF(O3038="",Assumptions!$B$25-K3038,O3038-K3038)*24,1) -> 3.5 | AJ3038: =ROUND(MAX(N(Y3038)/Assumptions!$C$5, N(Z3038)/Assumptions!$C$6, N(AA3038)/Assumptions!$C$7, N(AB3038)/Assumptions!$C$8, N(AC3038)/Assumptions!$C$9, N(AD3038)/Assumptions!$C$10, N(AE3038)/Assumptions!$C$11, N(AF3038)/Assumptions!$C$12, N(AG3038)/Assumptions!$C$13),3) -> 1.8 | AK3038: =IF(OR(U3038="Pending",U3038="On Hold"),"Open GRN (awaiting)",IF(AJ3038<=1,"Within SLA",IF(ROUND(N(Y3038)/Assumptions!$C$5,3)=AJ3038,"Gate Wait",IF(ROUND(N(Z3038)/Assumptions!$C$6,3)=AJ3038,"Dock Wait",IF(ROUND(N(AA3038)/Assumptions!$C$7,3)=AJ3038,"Unloading",IF(ROUND(N(AB3038)/Assumptions!$C$8,3)=AJ3038,"Unload-to-QC Wait",IF(ROUND(N(AC3038)/Assumptions!$C$9,3)=AJ3038,"QC",IF(ROUND(N(AD3038)/Assumptions!$C$10,3)=AJ3038,"QC-to-GRN Wait",IF(ROUND(N(AE3038)/Assumptions!$C$11,3)=AJ3038,"GRN Processing",IF(ROUND(N(AF3038)/Assumptions!$C$12,3)=AJ3038,"GRN-to-Putaway Wait",IF(ROUND(N(AG3038)/Assumptions!$C$13,3)=AJ3038,"Putaway","Within SLA"))))))))))) -> QC-to-GRN Wait
A3039: RCPT-03038 | B3039: PO-26-44668 | C3039: Vendor 07 | D3039: Bhiwandi DC | E3039: SKU-04-646 | F3039: Packaging | G3039: BHW-D2 | H3039: 46277.331 | I3039: 46277.34 | J3039: 46277.348 | K3039: 46277.376 | L3039: 46277.393 | M3039: 46277.41 | R3039: 215 | S3039: 0 | T3039: 0 | U3039: On Hold | V3039: Vendor | W3039: =IF(AND(X3039>=6,X3039<14),"A",IF(AND(X3039>=14,X3039<22),"B","C")) -> A | X3039: =HOUR(H3039) -> 7 | Y3039: =ROUND((I3039-H3039)*1440,0) -> 13 | Z3039: =ROUND((J3039-I3039)*1440,0) -> 12 | AA3039: =ROUND((K3039-J3039)*1440,0) -> 41 | AB3039: =ROUND((L3039-K3039)*1440,0) -> 24 | AC3039: =ROUND((M3039-L3039)*1440,0) -> 24 | AD3039: =IF(N3039="","",ROUND((N3039-M3039)*1440,0)) | AE3039: =IF(O3039="","",ROUND((O3039-N3039)*1440,0)) | AF3039: =IF(P3039="","",ROUND((P3039-O3039)*1440,0)) | AG3039: =IF(Q3039="","",ROUND((Q3039-P3039)*1440,0)) | AH3039: =IF(Q3039="","",ROUND((Q3039-H3039)*1440,0)) | AI3039: =ROUND(IF(O3039="",Assumptions!$B$25-K3039,O3039-K3039)*24,1) -> 479 | AJ3039: =ROUND(MAX(N(Y3039)/Assumptions!$C$5, N(Z3039)/Assumptions!$C$6, N(AA3039)/Assumptions!$C$7, N(AB3039)/Assumptions!$C$8, N(AC3039)/Assumptions!$C$9, N(AD3039)/Assumptions!$C$10, N(AE3039)/Assumptions!$C$11, N(AF3039)/Assumptions!$C$12, N(AG3039)/Assumptions!$C$13),3) -> 1.6 | AK3039: =IF(OR(U3039="Pending",U3039="On Hold"),"Open GRN (awaiting)",IF(AJ3039<=1,"Within SLA",IF(ROUND(N(Y3039)/Assumptions!$C$5,3)=AJ3039,"Gate Wait",IF(ROUND(N(Z3039)/Assumptions!$C$6,3)=AJ3039,"Dock Wait",IF(ROUND(N(AA3039)/Assumptions!$C$7,3)=AJ3039,"Unloading",IF(ROUND(N(AB3039)/Assumptions!$C$8,3)=AJ3039,"Unload-to-QC Wait",IF(ROUND(N(AC3039)/Assumptions!$C$9,3)=AJ3039,"QC",IF(ROUND(N(AD3039)/Assumptions!$C$10,3)=AJ3039,"QC-to-GRN Wait",IF(ROUND(N(AE3039)/Assumptions!$C$11,3)=AJ3039,"GRN Processing",IF(ROUND(N(AF3039)/Assumptions!$C$12,3)=AJ3039,"GRN-to-Putaway Wait",IF(ROUND(N(AG3039)/Assumptions!$C$13,3)=AJ3039,"Putaway","Within SLA"))))))))))) -> Open GRN (awaiting)
A3040: RCPT-03039 | B3040: PO-26-97862 | C3040: Vendor 08 | D3040: Kalyan DC | E3040: SKU-02-816 | F3040: Dairy & Frozen | G3040: KLN-D1 | H3040: 46277.347 | I3040: 46277.385 | J3040: 46277.388 | K3040: 46277.423 | L3040: 46277.433 | M3040: 46277.457 | N3040: 46277.474 | O3040: 46277.572 | P3040: 46277.58 | Q3040: 46277.621 | R3040: 581 | S3040: 0 | T3040: 0 | U3040: Completed | V3040: Manpower | W3040: =IF(AND(X3040>=6,X3040<14),"A",IF(AND(X3040>=14,X3040<22),"B","C")) -> A | X3040: =HOUR(H3040) -> 8 | Y3040: =ROUND((I3040-H3040)*1440,0) -> 54 | Z3040: =ROUND((J3040-I3040)*1440,0) -> 5 | AA3040: =ROUND((K3040-J3040)*1440,0) -> 50 | AB3040: =ROUND((L3040-K3040)*1440,0) -> 15 | AC3040: =ROUND((M3040-L3040)*1440,0) -> 34 | AD3040: =IF(N3040="","",ROUND((N3040-M3040)*1440,0)) -> 24 | AE3040: =IF(O3040="","",ROUND((O3040-N3040)*1440,0)) -> 142 | AF3040: =IF(P3040="","",ROUND((P3040-O3040)*1440,0)) -> 11 | AG3040: =IF(Q3040="","",ROUND((Q3040-P3040)*1440,0)) -> 59 | AH3040: =IF(Q3040="","",ROUND((Q3040-H3040)*1440,0)) -> 394 | AI3040: =ROUND(IF(O3040="",Assumptions!$B$25-K3040,O3040-K3040)*24,1) -> 3.6 | AJ3040: =ROUND(MAX(N(Y3040)/Assumptions!$C$5, N(Z3040)/Assumptions!$C$6, N(AA3040)/Assumptions!$C$7, N(AB3040)/Assumptions!$C$8, N(AC3040)/Assumptions!$C$9, N(AD3040)/Assumptions!$C$10, N(AE3040)/Assumptions!$C$11, N(AF3040)/Assumptions!$C$12, N(AG3040)/Assumptions!$C$13),3) -> 3.156 | AK3040: =IF(OR(U3040="Pending",U3040="On Hold"),"Open GRN (awaiting)",IF(AJ3040<=1,"Within SLA",IF(ROUND(N(Y3040)/Assumptions!$C$5,3)=AJ3040,"Gate Wait",IF(ROUND(N(Z3040)/Assumptions!$C$6,3)=AJ3040,"Dock Wait",IF(ROUND(N(AA3040)/Assumptions!$C$7,3)=AJ3040,"Unloading",IF(ROUND(N(AB3040)/Assumptions!$C$8,3)=AJ3040,"Unload-to-QC Wait",IF(ROUND(N(AC3040)/Assumptions!$C$9,3)=AJ3040,"QC",IF(ROUND(N(AD3040)/Assumptions!$C$10,3)=AJ3040,"QC-to-GRN Wait",IF(ROUND(N(AE3040)/Assumptions!$C$11,3)=AJ3040,"GRN Processing",IF(ROUND(N(AF3040)/Assumptions!$C$12,3)=AJ3040,"GRN-to-Putaway Wait",IF(ROUND(N(AG3040)/Assumptions!$C$13,3)=AJ3040,"Putaway","Within SLA"))))))))))) -> GRN Processing
A3041: RCPT-03040 | B3041: PO-26-47640 | C3041: Vendor 08 | D3041: Kalyan DC | E3041: SKU-02-298 | F3041: Dairy & Frozen | G3041: KLN-D2 | H3041: 46277.379 | I3041: 46277.406 | J3041: 46277.416 | K3041: 46277.429 | L3041: 46277.442 | M3041: 46277.462 | N3041: 46277.464 | O3041: 46277.521 | P3041: 46277.533 | Q3041: 46277.542 | R3041: 840 | S3041: 0 | T3041: 0 | U3041: Completed | V3041: Documentation Mismatch | W3041: =IF(AND(X3041>=6,X3041<14),"A",IF(AND(X3041>=14,X3041<22),"B","C")) -> A | X3041: =HOUR(H3041) -> 9 | Y3041: =ROUND((I3041-H3041)*1440,0) -> 39 | Z3041: =ROUND((J3041-I3041)*1440,0) -> 14 | AA3041: =ROUND((K3041-J3041)*1440,0) -> 19 | AB3041: =ROUND((L3041-K3041)*1440,0) -> 18 | AC3041: =ROUND((M3041-L3041)*1440,0) -> 29 | AD3041: =IF(N3041="","",ROUND((N3041-M3041)*1440,0)) -> 3 | AE3041: =IF(O3041="","",ROUND((O3041-N3041)*1440,0)) -> 82 | AF3041: =IF(P3041="","",ROUND((P3041-O3041)*1440,0)) -> 17 | AG3041: =IF(Q3041="","",ROUND((Q3041-P3041)*1440,0)) -> 13 | AH3041: =IF(Q3041="","",ROUND((Q3041-H3041)*1440,0)) -> 234 | AI3041: =ROUND(IF(O3041="",Assumptions!$B$25-K3041,O3041-K3041)*24,1) -> 2.2 | AJ3041: =ROUND(MAX(N(Y3041)/Assumptions!$C$5, N(Z3041)/Assumptions!$C$6, N(AA3041)/Assumptions!$C$7, N(AB3041)/Assumptions!$C$8, N(AC3041)/Assumptions!$C$9, N(AD3041)/Assumptions!$C$10, N(AE3041)/Assumptions!$C$11, N(AF3041)/Assumptions!$C$12, N(AG3041)/Assumptions!$C$13),3) -> 1.822 | AK3041: =IF(OR(U3041="Pending",U3041="On Hold"),"Open GRN (awaiting)",IF(AJ3041<=1,"Within SLA",IF(ROUND(N(Y3041)/Assumptions!$C$5,3)=AJ3041,"Gate Wait",IF(ROUND(N(Z3041)/Assumptions!$C$6,3)=AJ3041,"Dock Wait",IF(ROUND(N(AA3041)/Assumptions!$C$7,3)=AJ3041,"Unloading",IF(ROUND(N(AB3041)/Assumptions!$C$8,3)=AJ3041,"Unload-to-QC Wait",IF(ROUND(N(AC3041)/Assumptions!$C$9,3)=AJ3041,"QC",IF(ROUND(N(AD3041)/Assumptions!$C$10,3)=AJ3041,"QC-to-GRN Wait",IF(ROUND(N(AE3041)/Assumptions!$C$11,3)=AJ3041,"GRN Processing",IF(ROUND(N(AF3041)/Assumptions!$C$12,3)=AJ3041,"GRN-to-Putaway Wait",IF(ROUND(N(AG3041)/Assumptions!$C$13,3)=AJ3041,"Putaway","Within SLA"))))))))))) -> GRN Processing
A3042: RCPT-03041 | B3042: PO-26-51269 | C3042: Vendor 12 | D3042: Bhiwandi DC | E3042: SKU-04-782 | F3042: Packaging | G3042: BHW-D1 | H3042: 46277.379 | I3042: 46277.448 | J3042: 46277.458 | K3042: 46277.482 | L3042: 46277.487 | M3042: 46277.516 | N3042: 46277.615 | O3042: 46277.672 | P3042: 46277.684 | Q3042: 46277.697 | R3042: 294 | S3042: 0 | T3042: 0 | U3042: Completed | V3042: Manpower | W3042: =IF(AND(X3042>=6,X3042<14),"A",IF(AND(X3042>=14,X3042<22),"B","C")) -> A | X3042: =HOUR(H3042) -> 9 | Y3042: =ROUND((I3042-H3042)*1440,0) -> 99 | Z3042: =ROUND((J3042-I3042)*1440,0) -> 15 | AA3042: =ROUND((K3042-J3042)*1440,0) -> 34 | AB3042: =ROUND((L3042-K3042)*1440,0) -> 7 | AC3042: =ROUND((M3042-L3042)*1440,0) -> 42 | AD3042: =IF(N3042="","",ROUND((N3042-M3042)*1440,0)) -> 143 | AE3042: =IF(O3042="","",ROUND((O3042-N3042)*1440,0)) -> 81 | AF3042: =IF(P3042="","",ROUND((P3042-O3042)*1440,0)) -> 18 | AG3042: =IF(Q3042="","",ROUND((Q3042-P3042)*1440,0)) -> 18 | AH3042: =IF(Q3042="","",ROUND((Q3042-H3042)*1440,0)) -> 457 | AI3042: =ROUND(IF(O3042="",Assumptions!$B$25-K3042,O3042-K3042)*24,1) -> 4.6 | AJ3042: =ROUND(MAX(N(Y3042)/Assumptions!$C$5, N(Z3042)/Assumptions!$C$6, N(AA3042)/Assumptions!$C$7, N(AB3042)/Assumptions!$C$8, N(AC3042)/Assumptions!$C$9, N(AD3042)/Assumptions!$C$10, N(AE3042)/Assumptions!$C$11, N(AF3042)/Assumptions!$C$12, N(AG3042)/Assumptions!$C$13),3) -> 4.767 | AK3042: =IF(OR(U3042="Pending",U3042="On Hold"),"Open GRN (awaiting)",IF(AJ3042<=1,"Within SLA",IF(ROUND(N(Y3042)/Assumptions!$C$5,3)=AJ3042,"Gate Wait",IF(ROUND(N(Z3042)/Assumptions!$C$6,3)=AJ3042,"Dock Wait",IF(ROUND(N(AA3042)/Assumptions!$C$7,3)=AJ3042,"Unloading",IF(ROUND(N(AB3042)/Assumptions!$C$8,3)=AJ3042,"Unload-to-QC Wait",IF(ROUND(N(AC3042)/Assumptions!$C$9,3)=AJ3042,"QC",IF(ROUND(N(AD3042)/Assumptions!$C$10,3)=AJ3042,"QC-to-GRN Wait",IF(ROUND(N(AE3042)/Assumptions!$C$11,3)=AJ3042,"GRN Processing",IF(ROUND(N(AF3042)/Assumptions!$C$12,3)=AJ3042,"GRN-to-Putaway Wait",IF(ROUND(N(AG3042)/Assumptions!$C$13,3)=AJ3042,"Putaway","Within SLA"))))))))))) -> QC-to-GRN Wait
A3043: RCPT-03042 | B3043: PO-26-40656 | C3043: Vendor 01 | D3043: Kalyan DC | E3043: SKU-07-103 | F3043: Staples | G3043: KLN-D2 | H3043: 46277.397 | I3043: 46277.415 | J3043: 46277.425 | K3043: 46277.444 | L3043: 46277.453 | M3043: 46277.478 | N3043: 46277.507 | O3043: 46277.595 | P3043: 46277.609 | Q3043: 46277.622 | R3043: 216 | S3043: 0 | T3043: 0 | U3043: Completed | V3043: Documentation Mismatch | W3043: =IF(AND(X3043>=6,X3043<14),"A",IF(AND(X3043>=14,X3043<22),"B","C")) -> A | X3043: =HOUR(H3043) -> 9 | Y3043: =ROUND((I3043-H3043)*1440,0) -> 25 | Z3043: =ROUND((J3043-I3043)*1440,0) -> 15 | AA3043: =ROUND((K3043-J3043)*1440,0) -> 28 | AB3043: =ROUND((L3043-K3043)*1440,0) -> 13 | AC3043: =ROUND((M3043-L3043)*1440,0) -> 36 | AD3043: =IF(N3043="","",ROUND((N3043-M3043)*1440,0)) -> 41 | AE3043: =IF(O3043="","",ROUND((O3043-N3043)*1440,0)) -> 127 | AF3043: =IF(P3043="","",ROUND((P3043-O3043)*1440,0)) -> 20 | AG3043: =IF(Q3043="","",ROUND((Q3043-P3043)*1440,0)) -> 18 | AH3043: =IF(Q3043="","",ROUND((Q3043-H3043)*1440,0)) -> 323 | AI3043: =ROUND(IF(O3043="",Assumptions!$B$25-K3043,O3043-K3043)*24,1) -> 3.6 | AJ3043: =ROUND(MAX(N(Y3043)/Assumptions!$C$5, N(Z3043)/Assumptions!$C$6, N(AA3043)/Assumptions!$C$7, N(AB3043)/Assumptions!$C$8, N(AC3043)/Assumptions!$C$9, N(AD3043)/Assumptions!$C$10, N(AE3043)/Assumptions!$C$11, N(AF3043)/Assumptions!$C$12, N(AG3043)/Assumptions!$C$13),3) -> 2.822 | AK3043: =IF(OR(U3043="Pending",U3043="On Hold"),"Open GRN (awaiting)",IF(AJ3043<=1,"Within SLA",IF(ROUND(N(Y3043)/Assumptions!$C$5,3)=AJ3043,"Gate Wait",IF(ROUND(N(Z3043)/Assumptions!$C$6,3)=AJ3043,"Dock Wait",IF(ROUND(N(AA3043)/Assumptions!$C$7,3)=AJ3043,"Unloading",IF(ROUND(N(AB3043)/Assumptions!$C$8,3)=AJ3043,"Unload-to-QC Wait",IF(ROUND(N(AC3043)/Assumptions!$C$9,3)=AJ3043,"QC",IF(ROUND(N(AD3043)/Assumptions!$C$10,3)=AJ3043,"QC-to-GRN Wait",IF(ROUND(N(AE3043)/Assumptions!$C$11,3)=AJ3043,"GRN Processing",IF(ROUND(N(AF3043)/Assumptions!$C$12,3)=AJ3043,"GRN-to-Putaway Wait",IF(ROUND(N(AG3043)/Assumptions!$C$13,3)=AJ3043,"Putaway","Within SLA"))))))))))) -> GRN Processing
A3044: RCPT-03043 | B3044: PO-26-14861 | C3044: Vendor 05 | D3044: Kalyan DC | E3044: SKU-03-776 | F3044: Home Care | G3044: KLN-D1 | H3044: 46277.398 | I3044: 46277.417 | J3044: 46277.424 | K3044: 46277.438 | L3044: 46277.451 | M3044: 46277.478 | N3044: 46277.49 | O3044: 46277.501 | P3044: 46277.509 | Q3044: 46277.515 | R3044: 153 | S3044: 0 | T3044: 0 | U3044: Completed | V3044: Manpower | W3044: =IF(AND(X3044>=6,X3044<14),"A",IF(AND(X3044>=14,X3044<22),"B","C")) -> A | X3044: =HOUR(H3044) -> 9 | Y3044: =ROUND((I3044-H3044)*1440,0) -> 28 | Z3044: =ROUND((J3044-I3044)*1440,0) -> 10 | AA3044: =ROUND((K3044-J3044)*1440,0) -> 20 | AB3044: =ROUND((L3044-K3044)*1440,0) -> 19 | AC3044: =ROUND((M3044-L3044)*1440,0) -> 39 | AD3044: =IF(N3044="","",ROUND((N3044-M3044)*1440,0)) -> 17 | AE3044: =IF(O3044="","",ROUND((O3044-N3044)*1440,0)) -> 16 | AF3044: =IF(P3044="","",ROUND((P3044-O3044)*1440,0)) -> 11 | AG3044: =IF(Q3044="","",ROUND((Q3044-P3044)*1440,0)) -> 9 | AH3044: =IF(Q3044="","",ROUND((Q3044-H3044)*1440,0)) -> 169 | AI3044: =ROUND(IF(O3044="",Assumptions!$B$25-K3044,O3044-K3044)*24,1) -> 1.5 | AJ3044: =ROUND(MAX(N(Y3044)/Assumptions!$C$5, N(Z3044)/Assumptions!$C$6, N(AA3044)/Assumptions!$C$7, N(AB3044)/Assumptions!$C$8, N(AC3044)/Assumptions!$C$9, N(AD3044)/Assumptions!$C$10, N(AE3044)/Assumptions!$C$11, N(AF3044)/Assumptions!$C$12, N(AG3044)/Assumptions!$C$13),3) -> 1.267 | AK3044: =IF(OR(U3044="Pending",U3044="On Hold"),"Open GRN (awaiting)",IF(AJ3044<=1,"Within SLA",IF(ROUND(N(Y3044)/Assumptions!$C$5,3)=AJ3044,"Gate Wait",IF(ROUND(N(Z3044)/Assumptions!$C$6,3)=AJ3044,"Dock Wait",IF(ROUND(N(AA3044)/Assumptions!$C$7,3)=AJ3044,"Unloading",IF(ROUND(N(AB3044)/Assumptions!$C$8,3)=AJ3044,"Unload-to-QC Wait",IF(ROUND(N(AC3044)/Assumptions!$C$9,3)=AJ3044,"QC",IF(ROUND(N(AD3044)/Assumptions!$C$10,3)=AJ3044,"QC-to-GRN Wait",IF(ROUND(N(AE3044)/Assumptions!$C$11,3)=AJ3044,"GRN Processing",IF(ROUND(N(AF3044)/Assumptions!$C$12,3)=AJ3044,"GRN-to-Putaway Wait",IF(ROUND(N(AG3044)/Assumptions!$C$13,3)=AJ3044,"Putaway","Within SLA"))))))))))) -> Unload-to-QC Wait
A3045: RCPT-03044 | B3045: PO-26-55638 | C3045: Vendor 12 | D3045: Bhiwandi DC | E3045: SKU-04-116 | F3045: Packaging | G3045: BHW-D1 | H3045: 46277.42 | I3045: 46277.451 | J3045: 46277.455 | K3045: 46277.478 | L3045: 46277.496 | M3045: 46277.507 | R3045: 547 | S3045: 0 | T3045: 0 | U3045: On Hold | V3045: Documentation Mismatch | W3045: =IF(AND(X3045>=6,X3045<14),"A",IF(AND(X3045>=14,X3045<22),"B","C")) -> A | X3045: =HOUR(H3045) -> 10 | Y3045: =ROUND((I3045-H3045)*1440,0) -> 45 | Z3045: =ROUND((J3045-I3045)*1440,0) -> 5 | AA3045: =ROUND((K3045-J3045)*1440,0) -> 34 | AB3045: =ROUND((L3045-K3045)*1440,0) -> 25 | AC3045: =ROUND((M3045-L3045)*1440,0) -> 16 | AD3045: =IF(N3045="","",ROUND((N3045-M3045)*1440,0)) | AE3045: =IF(O3045="","",ROUND((O3045-N3045)*1440,0)) | AF3045: =IF(P3045="","",ROUND((P3045-O3045)*1440,0)) | AG3045: =IF(Q3045="","",ROUND((Q3045-P3045)*1440,0)) | AH3045: =IF(Q3045="","",ROUND((Q3045-H3045)*1440,0)) | AI3045: =ROUND(IF(O3045="",Assumptions!$B$25-K3045,O3045-K3045)*24,1) -> 476.5 | AJ3045: =ROUND(MAX(N(Y3045)/Assumptions!$C$5, N(Z3045)/Assumptions!$C$6, N(AA3045)/Assumptions!$C$7, N(AB3045)/Assumptions!$C$8, N(AC3045)/Assumptions!$C$9, N(AD3045)/Assumptions!$C$10, N(AE3045)/Assumptions!$C$11, N(AF3045)/Assumptions!$C$12, N(AG3045)/Assumptions!$C$13),3) -> 1.667 | AK3045: =IF(OR(U3045="Pending",U3045="On Hold"),"Open GRN (awaiting)",IF(AJ3045<=1,"Within SLA",IF(ROUND(N(Y3045)/Assumptions!$C$5,3)=AJ3045,"Gate Wait",IF(ROUND(N(Z3045)/Assumptions!$C$6,3)=AJ3045,"Dock Wait",IF(ROUND(N(AA3045)/Assumptions!$C$7,3)=AJ3045,"Unloading",IF(ROUND(N(AB3045)/Assumptions!$C$8,3)=AJ3045,"Unload-to-QC Wait",IF(ROUND(N(AC3045)/Assumptions!$C$9,3)=AJ3045,"QC",IF(ROUND(N(AD3045)/Assumptions!$C$10,3)=AJ3045,"QC-to-GRN Wait",IF(ROUND(N(AE3045)/Assumptions!$C$11,3)=AJ3045,"GRN Processing",IF(ROUND(N(AF3045)/Assumptions!$C$12,3)=AJ3045,"GRN-to-Putaway Wait",IF(ROUND(N(AG3045)/Assumptions!$C$13,3)=AJ3045,"Putaway","Within SLA"))))))))))) -> Open GRN (awaiting)
A3046: RCPT-03045 | B3046: PO-26-40500 | C3046: Vendor 07 | D3046: Kalyan DC | E3046: SKU-06-121 | F3046: Snacks | G3046: KLN-D1 | H3046: 46277.423 | I3046: 46277.451 | J3046: 46277.453 | K3046: 46277.468 | L3046: 46277.479 | M3046: 46277.495 | N3046: 46277.535 | O3046: 46277.546 | P3046: 46277.571 | Q3046: 46277.582 | R3046: 484 | S3046: 0 | T3046: 0 | U3046: Completed | V3046: Documentation Mismatch | W3046: =IF(AND(X3046>=6,X3046<14),"A",IF(AND(X3046>=14,X3046<22),"B","C")) -> A | X3046: =HOUR(H3046) -> 10 | Y3046: =ROUND((I3046-H3046)*1440,0) -> 41 | Z3046: =ROUND((J3046-I3046)*1440,0) -> 2 | AA3046: =ROUND((K3046-J3046)*1440,0) -> 22 | AB3046: =ROUND((L3046-K3046)*1440,0) -> 16 | AC3046: =ROUND((M3046-L3046)*1440,0) -> 23 | AD3046: =IF(N3046="","",ROUND((N3046-M3046)*1440,0)) -> 58 | AE3046: =IF(O3046="","",ROUND((O3046-N3046)*1440,0)) -> 15 | AF3046: =IF(P3046="","",ROUND((P3046-O3046)*1440,0)) -> 36 | AG3046: =IF(Q3046="","",ROUND((Q3046-P3046)*1440,0)) -> 16 | AH3046: =IF(Q3046="","",ROUND((Q3046-H3046)*1440,0)) -> 229 | AI3046: =ROUND(IF(O3046="",Assumptions!$B$25-K3046,O3046-K3046)*24,1) -> 1.9 | AJ3046: =ROUND(MAX(N(Y3046)/Assumptions!$C$5, N(Z3046)/Assumptions!$C$6, N(AA3046)/Assumptions!$C$7, N(AB3046)/Assumptions!$C$8, N(AC3046)/Assumptions!$C$9, N(AD3046)/Assumptions!$C$10, N(AE3046)/Assumptions!$C$11, N(AF3046)/Assumptions!$C$12, N(AG3046)/Assumptions!$C$13),3) -> 1.933 | AK3046: =IF(OR(U3046="Pending",U3046="On Hold"),"Open GRN (awaiting)",IF(AJ3046<=1,"Within SLA",IF(ROUND(N(Y3046)/Assumptions!$C$5,3)=AJ3046,"Gate Wait",IF(ROUND(N(Z3046)/Assumptions!$C$6,3)=AJ3046,"Dock Wait",IF(ROUND(N(AA3046)/Assumptions!$C$7,3)=AJ3046,"Unloading",IF(ROUND(N(AB3046)/Assumptions!$C$8,3)=AJ3046,"Unload-to-QC Wait",IF(ROUND(N(AC3046)/Assumptions!$C$9,3)=AJ3046,"QC",IF(ROUND(N(AD3046)/Assumptions!$C$10,3)=AJ3046,"QC-to-GRN Wait",IF(ROUND(N(AE3046)/Assumptions!$C$11,3)=AJ3046,"GRN Processing",IF(ROUND(N(AF3046)/Assumptions!$C$12,3)=AJ3046,"GRN-to-Putaway Wait",IF(ROUND(N(AG3046)/Assumptions!$C$13,3)=AJ3046,"Putaway","Within SLA"))))))))))) -> QC-to-GRN Wait
A3047: RCPT-03046 | B3047: PO-26-25091 | C3047: Vendor 02 | D3047: Bhiwandi DC | E3047: SKU-02-181 | F3047: Dairy & Frozen | G3047: BHW-D2 | H3047: 46277.435 | I3047: 46277.449 | J3047: 46277.453 | K3047: 46277.472 | L3047: 46277.477 | M3047: 46277.501 | N3047: 46277.51 | O3047: 46277.52 | P3047: 46277.536 | Q3047: 46277.558 | R3047: 87 | S3047: 0 | T3047: 0 | U3047: Completed | V3047: Manpower | W3047: =IF(AND(X3047>=6,X3047<14),"A",IF(AND(X3047>=14,X3047<22),"B","C")) -> A | X3047: =HOUR(H3047) -> 10 | Y3047: =ROUND((I3047-H3047)*1440,0) -> 19 | Z3047: =ROUND((J3047-I3047)*1440,0) -> 7 | AA3047: =ROUND((K3047-J3047)*1440,0) -> 27 | AB3047: =ROUND((L3047-K3047)*1440,0) -> 7 | AC3047: =ROUND((M3047-L3047)*1440,0) -> 34 | AD3047: =IF(N3047="","",ROUND((N3047-M3047)*1440,0)) -> 13 | AE3047: =IF(O3047="","",ROUND((O3047-N3047)*1440,0)) -> 15 | AF3047: =IF(P3047="","",ROUND((P3047-O3047)*1440,0)) -> 23 | AG3047: =IF(Q3047="","",ROUND((Q3047-P3047)*1440,0)) -> 32 | AH3047: =IF(Q3047="","",ROUND((Q3047-H3047)*1440,0)) -> 177 | AI3047: =ROUND(IF(O3047="",Assumptions!$B$25-K3047,O3047-K3047)*24,1) -> 1.2 | AJ3047: =ROUND(MAX(N(Y3047)/Assumptions!$C$5, N(Z3047)/Assumptions!$C$6, N(AA3047)/Assumptions!$C$7, N(AB3047)/Assumptions!$C$8, N(AC3047)/Assumptions!$C$9, N(AD3047)/Assumptions!$C$10, N(AE3047)/Assumptions!$C$11, N(AF3047)/Assumptions!$C$12, N(AG3047)/Assumptions!$C$13),3) -> 1.15 | AK3047: =IF(OR(U3047="Pending",U3047="On Hold"),"Open GRN (awaiting)",IF(AJ3047<=1,"Within SLA",IF(ROUND(N(Y3047)/Assumptions!$C$5,3)=AJ3047,"Gate Wait",IF(ROUND(N(Z3047)/Assumptions!$C$6,3)=AJ3047,"Dock Wait",IF(ROUND(N(AA3047)/Assumptions!$C$7,3)=AJ3047,"Unloading",IF(ROUND(N(AB3047)/Assumptions!$C$8,3)=AJ3047,"Unload-to-QC Wait",IF(ROUND(N(AC3047)/Assumptions!$C$9,3)=AJ3047,"QC",IF(ROUND(N(AD3047)/Assumptions!$C$10,3)=AJ3047,"QC-to-GRN Wait",IF(ROUND(N(AE3047)/Assumptions!$C$11,3)=AJ3047,"GRN Processing",IF(ROUND(N(AF3047)/Assumptions!$C$12,3)=AJ3047,"GRN-to-Putaway Wait",IF(ROUND(N(AG3047)/Assumptions!$C$13,3)=AJ3047,"Putaway","Within SLA"))))))))))) -> GRN-to-Putaway Wait
A3048: RCPT-03047 | B3048: PO-26-48458 | C3048: Vendor 11 | D3048: Bhiwandi DC | E3048: SKU-01-764 | F3048: Beverages | G3048: BHW-D2 | H3048: 46277.437 | I3048: 46277.503 | J3048: 46277.512 | K3048: 46277.536 | L3048: 46277.547 | M3048: 46277.585 | N3048: 46277.647 | O3048: 46277.665 | P3048: 46277.669 | Q3048: 46277.678 | R3048: 597 | S3048: 0 | T3048: 0 | U3048: Completed | V3048: Space / Equipment | W3048: =IF(AND(X3048>=6,X3048<14),"A",IF(AND(X3048>=14,X3048<22),"B","C")) -> A | X3048: =HOUR(H3048) -> 10 | Y3048: =ROUND((I3048-H3048)*1440,0) -> 96 | Z3048: =ROUND((J3048-I3048)*1440,0) -> 12 | AA3048: =ROUND((K3048-J3048)*1440,0) -> 35 | AB3048: =ROUND((L3048-K3048)*1440,0) -> 15 | AC3048: =ROUND((M3048-L3048)*1440,0) -> 56 | AD3048: =IF(N3048="","",ROUND((N3048-M3048)*1440,0)) -> 89 | AE3048: =IF(O3048="","",ROUND((O3048-N3048)*1440,0)) -> 25 | AF3048: =IF(P3048="","",ROUND((P3048-O3048)*1440,0)) -> 7 | AG3048: =IF(Q3048="","",ROUND((Q3048-P3048)*1440,0)) -> 13 | AH3048: =IF(Q3048="","",ROUND((Q3048-H3048)*1440,0)) -> 348 | AI3048: =ROUND(IF(O3048="",Assumptions!$B$25-K3048,O3048-K3048)*24,1) -> 3.1 | AJ3048: =ROUND(MAX(N(Y3048)/Assumptions!$C$5, N(Z3048)/Assumptions!$C$6, N(AA3048)/Assumptions!$C$7, N(AB3048)/Assumptions!$C$8, N(AC3048)/Assumptions!$C$9, N(AD3048)/Assumptions!$C$10, N(AE3048)/Assumptions!$C$11, N(AF3048)/Assumptions!$C$12, N(AG3048)/Assumptions!$C$13),3) -> 3.2 | AK3048: =IF(OR(U3048="Pending",U3048="On Hold"),"Open GRN (awaiting)",IF(AJ3048<=1,"Within SLA",IF(ROUND(N(Y3048)/Assumptions!$C$5,3)=AJ3048,"Gate Wait",IF(ROUND(N(Z3048)/Assumptions!$C$6,3)=AJ3048,"Dock Wait",IF(ROUND(N(AA3048)/Assumptions!$C$7,3)=AJ3048,"Unloading",IF(ROUND(N(AB3048)/Assumptions!$C$8,3)=AJ3048,"Unload-to-QC Wait",IF(ROUND(N(AC3048)/Assumptions!$C$9,3)=AJ3048,"QC",IF(ROUND(N(AD3048)/Assumptions!$C$10,3)=AJ3048,"QC-to-GRN Wait",IF(ROUND(N(AE3048)/Assumptions!$C$11,3)=AJ3048,"GRN Processing",IF(ROUND(N(AF3048)/Assumptions!$C$12,3)=AJ3048,"GRN-to-Putaway Wait",IF(ROUND(N(AG3048)/Assumptions!$C$13,3)=AJ3048,"Putaway","Within SLA"))))))))))) -> Gate Wait
A3049: RCPT-03048 | B3049: PO-26-92127 | C3049: Vendor 01 | D3049: Bhiwandi DC | E3049: SKU-07-835 | F3049: Staples | G3049: BHW-D2 | H3049: 46277.446 | I3049: 46277.45 | J3049: 46277.453 | K3049: 46277.518 | L3049: 46277.53 | M3049: 46277.542 | N3049: 46277.563 | O3049: 46277.591 | P3049: 46277.61 | Q3049: 46277.647 | R3049: 234 | S3049: 0 | T3049: 0 | U3049: Completed | V3049: Vendor | W3049: =IF(AND(X3049>=6,X3049<14),"A",IF(AND(X3049>=14,X3049<22),"B","C")) -> A | X3049: =HOUR(H3049) -> 10 | Y3049: =ROUND((I3049-H3049)*1440,0) -> 6 | Z3049: =ROUND((J3049-I3049)*1440,0) -> 4 | AA3049: =ROUND((K3049-J3049)*1440,0) -> 94 | AB3049: =ROUND((L3049-K3049)*1440,0) -> 17 | AC3049: =ROUND((M3049-L3049)*1440,0) -> 17 | AD3049: =IF(N3049="","",ROUND((N3049-M3049)*1440,0)) -> 31 | AE3049: =IF(O3049="","",ROUND((O3049-N3049)*1440,0)) -> 40 | AF3049: =IF(P3049="","",ROUND((P3049-O3049)*1440,0)) -> 27 | AG3049: =IF(Q3049="","",ROUND((Q3049-P3049)*1440,0)) -> 54 | AH3049: =IF(Q3049="","",ROUND((Q3049-H3049)*1440,0)) -> 290 | AI3049: =ROUND(IF(O3049="",Assumptions!$B$25-K3049,O3049-K3049)*24,1) -> 1.8 | AJ3049: =ROUND(MAX(N(Y3049)/Assumptions!$C$5, N(Z3049)/Assumptions!$C$6, N(AA3049)/Assumptions!$C$7, N(AB3049)/Assumptions!$C$8, N(AC3049)/Assumptions!$C$9, N(AD3049)/Assumptions!$C$10, N(AE3049)/Assumptions!$C$11, N(AF3049)/Assumptions!$C$12, N(AG3049)/Assumptions!$C$13),3) -> 1.567 | AK3049: =IF(OR(U3049="Pending",U3049="On Hold"),"Open GRN (awaiting)",IF(AJ3049<=1,"Within SLA",IF(ROUND(N(Y3049)/Assumptions!$C$5,3)=AJ3049,"Gate Wait",IF(ROUND(N(Z3049)/Assumptions!$C$6,3)=AJ3049,"Dock Wait",IF(ROUND(N(AA3049)/Assumptions!$C$7,3)=AJ3049,"Unloading",IF(ROUND(N(AB3049)/Assumptions!$C$8,3)=AJ3049,"Unload-to-QC Wait",IF(ROUND(N(AC3049)/Assumptions!$C$9,3)=AJ3049,"QC",IF(ROUND(N(AD3049)/Assumptions!$C$10,3)=AJ3049,"QC-to-GRN Wait",IF(ROUND(N(AE3049)/Assumptions!$C$11,3)=AJ3049,"GRN Processing",IF(ROUND(N(AF3049)/Assumptions!$C$12,3)=AJ3049,"GRN-to-Putaway Wait",IF(ROUND(N(AG3049)/Assumptions!$C$13,3)=AJ3049,"Putaway","Within SLA"))))))))))) -> Unloading
A3050: RCPT-03049 | B3050: PO-26-13954 | C3050: Vendor 09 | D3050: Bhiwandi DC | E3050: SKU-05-709 | F3050: Personal Care | G3050: BHW-D1 | H3050: 46277.463 | I3050: 46277.471 | J3050: 46277.476 | K3050: 46277.497 | L3050: 46277.508 | M3050: 46277.531 | R3050: 365 | S3050: 26 | T3050: 0 | U3050: On Hold | V3050: Documentation Mismatch | W3050: =IF(AND(X3050>=6,X3050<14),"A",IF(AND(X3050>=14,X3050<22),"B","C")) -> A | X3050: =HOUR(H3050) -> 11 | Y3050: =ROUND((I3050-H3050)*1440,0) -> 12 | Z3050: =ROUND((J3050-I3050)*1440,0) -> 7 | AA3050: =ROUND((K3050-J3050)*1440,0) -> 31 | AB3050: =ROUND((L3050-K3050)*1440,0) -> 16 | AC3050: =ROUND((M3050-L3050)*1440,0) -> 32 | AD3050: =IF(N3050="","",ROUND((N3050-M3050)*1440,0)) | AE3050: =IF(O3050="","",ROUND((O3050-N3050)*1440,0)) | AF3050: =IF(P3050="","",ROUND((P3050-O3050)*1440,0)) | AG3050: =IF(Q3050="","",ROUND((Q3050-P3050)*1440,0)) | AH3050: =IF(Q3050="","",ROUND((Q3050-H3050)*1440,0)) | AI3050: =ROUND(IF(O3050="",Assumptions!$B$25-K3050,O3050-K3050)*24,1) -> 476.1 | AJ3050: =ROUND(MAX(N(Y3050)/Assumptions!$C$5, N(Z3050)/Assumptions!$C$6, N(AA3050)/Assumptions!$C$7, N(AB3050)/Assumptions!$C$8, N(AC3050)/Assumptions!$C$9, N(AD3050)/Assumptions!$C$10, N(AE3050)/Assumptions!$C$11, N(AF3050)/Assumptions!$C$12, N(AG3050)/Assumptions!$C$13),3) -> 1.067 | AK3050: =IF(OR(U3050="Pending",U3050="On Hold"),"Open GRN (awaiting)",IF(AJ3050<=1,"Within SLA",IF(ROUND(N(Y3050)/Assumptions!$C$5,3)=AJ3050,"Gate Wait",IF(ROUND(N(Z3050)/Assumptions!$C$6,3)=AJ3050,"Dock Wait",IF(ROUND(N(AA3050)/Assumptions!$C$7,3)=AJ3050,"Unloading",IF(ROUND(N(AB3050)/Assumptions!$C$8,3)=AJ3050,"Unload-to-QC Wait",IF(ROUND(N(AC3050)/Assumptions!$C$9,3)=AJ3050,"QC",IF(ROUND(N(AD3050)/Assumptions!$C$10,3)=AJ3050,"QC-to-GRN Wait",IF(ROUND(N(AE3050)/Assumptions!$C$11,3)=AJ3050,"GRN Processing",IF(ROUND(N(AF3050)/Assumptions!$C$12,3)=AJ3050,"GRN-to-Putaway Wait",IF(ROUND(N(AG3050)/Assumptions!$C$13,3)=AJ3050,"Putaway","Within SLA"))))))))))) -> Open GRN (awaiting)
A3051: RCPT-03050 | B3051: PO-26-26704 | C3051: Vendor 09 | D3051: Bhiwandi DC | E3051: SKU-05-960 | F3051: Personal Care | G3051: BHW-D1 | H3051: 46277.471 | I3051: 46277.529 | J3051: 46277.537 | K3051: 46277.553 | L3051: 46277.572 | M3051: 46277.588 | N3051: 46277.635 | O3051: 46277.657 | P3051: 46277.662 | Q3051: 46277.699 | R3051: 126 | S3051: 0 | T3051: 0 | U3051: Completed | V3051: Space / Equipment | W3051: =IF(AND(X3051>=6,X3051<14),"A",IF(AND(X3051>=14,X3051<22),"B","C")) -> A | X3051: =HOUR(H3051) -> 11 | Y3051: =ROUND((I3051-H3051)*1440,0) -> 84 | Z3051: =ROUND((J3051-I3051)*1440,0) -> 12 | AA3051: =ROUND((K3051-J3051)*1440,0) -> 22 | AB3051: =ROUND((L3051-K3051)*1440,0) -> 28 | AC3051: =ROUND((M3051-L3051)*1440,0) -> 22 | AD3051: =IF(N3051="","",ROUND((N3051-M3051)*1440,0)) -> 68 | AE3051: =IF(O3051="","",ROUND((O3051-N3051)*1440,0)) -> 32 | AF3051: =IF(P3051="","",ROUND((P3051-O3051)*1440,0)) -> 8 | AG3051: =IF(Q3051="","",ROUND((Q3051-P3051)*1440,0)) -> 53 | AH3051: =IF(Q3051="","",ROUND((Q3051-H3051)*1440,0)) -> 329 | AI3051: =ROUND(IF(O3051="",Assumptions!$B$25-K3051,O3051-K3051)*24,1) -> 2.5 | AJ3051: =ROUND(MAX(N(Y3051)/Assumptions!$C$5, N(Z3051)/Assumptions!$C$6, N(AA3051)/Assumptions!$C$7, N(AB3051)/Assumptions!$C$8, N(AC3051)/Assumptions!$C$9, N(AD3051)/Assumptions!$C$10, N(AE3051)/Assumptions!$C$11, N(AF3051)/Assumptions!$C$12, N(AG3051)/Assumptions!$C$13),3) -> 2.8 | AK3051: =IF(OR(U3051="Pending",U3051="On Hold"),"Open GRN (awaiting)",IF(AJ3051<=1,"Within SLA",IF(ROUND(N(Y3051)/Assumptions!$C$5,3)=AJ3051,"Gate Wait",IF(ROUND(N(Z3051)/Assumptions!$C$6,3)=AJ3051,"Dock Wait",IF(ROUND(N(AA3051)/Assumptions!$C$7,3)=AJ3051,"Unloading",IF(ROUND(N(AB3051)/Assumptions!$C$8,3)=AJ3051,"Unload-to-QC Wait",IF(ROUND(N(AC3051)/Assumptions!$C$9,3)=AJ3051,"QC",IF(ROUND(N(AD3051)/Assumptions!$C$10,3)=AJ3051,"QC-to-GRN Wait",IF(ROUND(N(AE3051)/Assumptions!$C$11,3)=AJ3051,"GRN Processing",IF(ROUND(N(AF3051)/Assumptions!$C$12,3)=AJ3051,"GRN-to-Putaway Wait",IF(ROUND(N(AG3051)/Assumptions!$C$13,3)=AJ3051,"Putaway","Within SLA"))))))))))) -> Gate Wait
A3052: RCPT-03051 | B3052: PO-26-18525 | C3052: Vendor 05 | D3052: Bhiwandi DC | E3052: SKU-01-640 | F3052: Beverages | G3052: BHW-D2 | H3052: 46277.477 | I3052: 46277.497 | J3052: 46277.499 | K3052: 46277.524 | L3052: 46277.532 | M3052: 46277.553 | N3052: 46277.578 | O3052: 46277.604 | P3052: 46277.63 | Q3052: 46277.66 | R3052: 311 | S3052: 0 | T3052: 0 | U3052: Completed | V3052: Space / Equipment | W3052: =IF(AND(X3052>=6,X3052<14),"A",IF(AND(X3052>=14,X3052<22),"B","C")) -> A | X3052: =HOUR(H3052) -> 11 | Y3052: =ROUND((I3052-H3052)*1440,0) -> 28 | Z3052: =ROUND((J3052-I3052)*1440,0) -> 3 | AA3052: =ROUND((K3052-J3052)*1440,0) -> 36 | AB3052: =ROUND((L3052-K3052)*1440,0) -> 12 | AC3052: =ROUND((M3052-L3052)*1440,0) -> 31 | AD3052: =IF(N3052="","",ROUND((N3052-M3052)*1440,0)) -> 36 | AE3052: =IF(O3052="","",ROUND((O3052-N3052)*1440,0)) -> 37 | AF3052: =IF(P3052="","",ROUND((P3052-O3052)*1440,0)) -> 37 | AG3052: =IF(Q3052="","",ROUND((Q3052-P3052)*1440,0)) -> 43 | AH3052: =IF(Q3052="","",ROUND((Q3052-H3052)*1440,0)) -> 263 | AI3052: =ROUND(IF(O3052="",Assumptions!$B$25-K3052,O3052-K3052)*24,1) -> 1.9 | AJ3052: =ROUND(MAX(N(Y3052)/Assumptions!$C$5, N(Z3052)/Assumptions!$C$6, N(AA3052)/Assumptions!$C$7, N(AB3052)/Assumptions!$C$8, N(AC3052)/Assumptions!$C$9, N(AD3052)/Assumptions!$C$10, N(AE3052)/Assumptions!$C$11, N(AF3052)/Assumptions!$C$12, N(AG3052)/Assumptions!$C$13),3) -> 1.85 | AK3052: =IF(OR(U3052="Pending",U3052="On Hold"),"Open GRN (awaiting)",IF(AJ3052<=1,"Within SLA",IF(ROUND(N(Y3052)/Assumptions!$C$5,3)=AJ3052,"Gate Wait",IF(ROUND(N(Z3052)/Assumptions!$C$6,3)=AJ3052,"Dock Wait",IF(ROUND(N(AA3052)/Assumptions!$C$7,3)=AJ3052,"Unloading",IF(ROUND(N(AB3052)/Assumptions!$C$8,3)=AJ3052,"Unload-to-QC Wait",IF(ROUND(N(AC3052)/Assumptions!$C$9,3)=AJ3052,"QC",IF(ROUND(N(AD3052)/Assumptions!$C$10,3)=AJ3052,"QC-to-GRN Wait",IF(ROUND(N(AE3052)/Assumptions!$C$11,3)=AJ3052,"GRN Processing",IF(ROUND(N(AF3052)/Assumptions!$C$12,3)=AJ3052,"GRN-to-Putaway Wait",IF(ROUND(N(AG3052)/Assumptions!$C$13,3)=AJ3052,"Putaway","Within SLA"))))))))))) -> GRN-to-Putaway Wait
A3053: RCPT-03052 | B3053: PO-26-54176 | C3053: Vendor 04 | D3053: Kalyan DC | E3053: SKU-03-989 | F3053: Home Care | G3053: KLN-D1 | H3053: 46277.492 | I3053: 46277.497 | J3053: 46277.502 | K3053: 46277.517 | L3053: 46277.522 | M3053: 46277.538 | N3053: 46277.628 | O3053: 46277.686 | P3053: 46277.69 | Q3053: 46277.698 | R3053: 116 | S3053: 6 | T3053: 0 | U3053: Completed - Discrepancy | V3053: Manpower | W3053: =IF(AND(X3053>=6,X3053<14),"A",IF(AND(X3053>=14,X3053<22),"B","C")) -> A | X3053: =HOUR(H3053) -> 11 | Y3053: =ROUND((I3053-H3053)*1440,0) -> 7 | Z3053: =ROUND((J3053-I3053)*1440,0) -> 8 | AA3053: =ROUND((K3053-J3053)*1440,0) -> 21 | AB3053: =ROUND((L3053-K3053)*1440,0) -> 7 | AC3053: =ROUND((M3053-L3053)*1440,0) -> 24 | AD3053: =IF(N3053="","",ROUND((N3053-M3053)*1440,0)) -> 129 | AE3053: =IF(O3053="","",ROUND((O3053-N3053)*1440,0)) -> 84 | AF3053: =IF(P3053="","",ROUND((P3053-O3053)*1440,0)) -> 5 | AG3053: =IF(Q3053="","",ROUND((Q3053-P3053)*1440,0)) -> 12 | AH3053: =IF(Q3053="","",ROUND((Q3053-H3053)*1440,0)) -> 297 | AI3053: =ROUND(IF(O3053="",Assumptions!$B$25-K3053,O3053-K3053)*24,1) -> 4.1 | AJ3053: =ROUND(MAX(N(Y3053)/Assumptions!$C$5, N(Z3053)/Assumptions!$C$6, N(AA3053)/Assumptions!$C$7, N(AB3053)/Assumptions!$C$8, N(AC3053)/Assumptions!$C$9, N(AD3053)/Assumptions!$C$10, N(AE3053)/Assumptions!$C$11, N(AF3053)/Assumptions!$C$12, N(AG3053)/Assumptions!$C$13),3) -> 4.3 | AK3053: =IF(OR(U3053="Pending",U3053="On Hold"),"Open GRN (awaiting)",IF(AJ3053<=1,"Within SLA",IF(ROUND(N(Y3053)/Assumptions!$C$5,3)=AJ3053,"Gate Wait",IF(ROUND(N(Z3053)/Assumptions!$C$6,3)=AJ3053,"Dock Wait",IF(ROUND(N(AA3053)/Assumptions!$C$7,3)=AJ3053,"Unloading",IF(ROUND(N(AB3053)/Assumptions!$C$8,3)=AJ3053,"Unload-to-QC Wait",IF(ROUND(N(AC3053)/Assumptions!$C$9,3)=AJ3053,"QC",IF(ROUND(N(AD3053)/Assumptions!$C$10,3)=AJ3053,"QC-to-GRN Wait",IF(ROUND(N(AE3053)/Assumptions!$C$11,3)=AJ3053,"GRN Processing",IF(ROUND(N(AF3053)/Assumptions!$C$12,3)=AJ3053,"GRN-to-Putaway Wait",IF(ROUND(N(AG3053)/Assumptions!$C$13,3)=AJ3053,"Putaway","Within SLA"))))))))))) -> QC-to-GRN Wait
A3054: RCPT-03053 | B3054: PO-26-65456 | C3054: Vendor 11 | D3054: Kalyan DC | E3054: SKU-01-870 | F3054: Beverages | G3054: KLN-D2 | H3054: 46277.508 | I3054: 46277.531 | J3054: 46277.535 | K3054: 46277.565 | L3054: 46277.573 | M3054: 46277.592 | N3054: 46277.601 | O3054: 46277.678 | P3054: 46277.685 | Q3054: 46277.701 | R3054: 269 | S3054: 10 | T3054: 0 | U3054: Completed - Discrepancy | V3054: Manpower | W3054: =IF(AND(X3054>=6,X3054<14),"A",IF(AND(X3054>=14,X3054<22),"B","C")) -> A | X3054: =HOUR(H3054) -> 12 | Y3054: =ROUND((I3054-H3054)*1440,0) -> 32 | Z3054: =ROUND((J3054-I3054)*1440,0) -> 6 | AA3054: =ROUND((K3054-J3054)*1440,0) -> 43 | AB3054: =ROUND((L3054-K3054)*1440,0) -> 12 | AC3054: =ROUND((M3054-L3054)*1440,0) -> 28 | AD3054: =IF(N3054="","",ROUND((N3054-M3054)*1440,0)) -> 12 | AE3054: =IF(O3054="","",ROUND((O3054-N3054)*1440,0)) -> 112 | AF3054: =IF(P3054="","",ROUND((P3054-O3054)*1440,0)) -> 10 | AG3054: =IF(Q3054="","",ROUND((Q3054-P3054)*1440,0)) -> 23 | AH3054: =IF(Q3054="","",ROUND((Q3054-H3054)*1440,0)) -> 278 | AI3054: =ROUND(IF(O3054="",Assumptions!$B$25-K3054,O3054-K3054)*24,1) -> 2.7 | AJ3054: =ROUND(MAX(N(Y3054)/Assumptions!$C$5, N(Z3054)/Assumptions!$C$6, N(AA3054)/Assumptions!$C$7, N(AB3054)/Assumptions!$C$8, N(AC3054)/Assumptions!$C$9, N(AD3054)/Assumptions!$C$10, N(AE3054)/Assumptions!$C$11, N(AF3054)/Assumptions!$C$12, N(AG3054)/Assumptions!$C$13),3) -> 2.489 | AK3054: =IF(OR(U3054="Pending",U3054="On Hold"),"Open GRN (awaiting)",IF(AJ3054<=1,"Within SLA",IF(ROUND(N(Y3054)/Assumptions!$C$5,3)=AJ3054,"Gate Wait",IF(ROUND(N(Z3054)/Assumptions!$C$6,3)=AJ3054,"Dock Wait",IF(ROUND(N(AA3054)/Assumptions!$C$7,3)=AJ3054,"Unloading",IF(ROUND(N(AB3054)/Assumptions!$C$8,3)=AJ3054,"Unload-to-QC Wait",IF(ROUND(N(AC3054)/Assumptions!$C$9,3)=AJ3054,"QC",IF(ROUND(N(AD3054)/Assumptions!$C$10,3)=AJ3054,"QC-to-GRN Wait",IF(ROUND(N(AE3054)/Assumptions!$C$11,3)=AJ3054,"GRN Processing",IF(ROUND(N(AF3054)/Assumptions!$C$12,3)=AJ3054,"GRN-to-Putaway Wait",IF(ROUND(N(AG3054)/Assumptions!$C$13,3)=AJ3054,"Putaway","Within SLA"))))))))))) -> GRN Processing
A3055: RCPT-03054 | B3055: PO-26-25884 | C3055: Vendor 02 | D3055: Bhiwandi DC | E3055: SKU-06-707 | F3055: Snacks | G3055: BHW-D2 | H3055: 46277.53 | I3055: 46277.957 | J3055: 46277.963 | K3055: 46277.985 | L3055: 46277.989 | M3055: 46278.001 | N3055: 46278.008 | O3055: 46278.047 | P3055: 46278.049 | Q3055: 46278.085 | R3055: 1683 | S3055: 0 | T3055: 0 | U3055: Completed | V3055: Space / Equipment | W3055: =IF(AND(X3055>=6,X3055<14),"A",IF(AND(X3055>=14,X3055<22),"B","C")) -> A | X3055: =HOUR(H3055) -> 12 | Y3055: =ROUND((I3055-H3055)*1440,0) -> 615 | Z3055: =ROUND((J3055-I3055)*1440,0) -> 8 | AA3055: =ROUND((K3055-J3055)*1440,0) -> 32 | AB3055: =ROUND((L3055-K3055)*1440,0) -> 6 | AC3055: =ROUND((M3055-L3055)*1440,0) -> 18 | AD3055: =IF(N3055="","",ROUND((N3055-M3055)*1440,0)) -> 10 | AE3055: =IF(O3055="","",ROUND((O3055-N3055)*1440,0)) -> 56 | AF3055: =IF(P3055="","",ROUND((P3055-O3055)*1440,0)) -> 3 | AG3055: =IF(Q3055="","",ROUND((Q3055-P3055)*1440,0)) -> 52 | AH3055: =IF(Q3055="","",ROUND((Q3055-H3055)*1440,0)) -> 800 | AI3055: =ROUND(IF(O3055="",Assumptions!$B$25-K3055,O3055-K3055)*24,1) -> 1.5 | AJ3055: =ROUND(MAX(N(Y3055)/Assumptions!$C$5, N(Z3055)/Assumptions!$C$6, N(AA3055)/Assumptions!$C$7, N(AB3055)/Assumptions!$C$8, N(AC3055)/Assumptions!$C$9, N(AD3055)/Assumptions!$C$10, N(AE3055)/Assumptions!$C$11, N(AF3055)/Assumptions!$C$12, N(AG3055)/Assumptions!$C$13),3) -> 20.5 | AK3055: =IF(OR(U3055="Pending",U3055="On Hold"),"Open GRN (awaiting)",IF(AJ3055<=1,"Within SLA",IF(ROUND(N(Y3055)/Assumptions!$C$5,3)=AJ3055,"Gate Wait",IF(ROUND(N(Z3055)/Assumptions!$C$6,3)=AJ3055,"Dock Wait",IF(ROUND(N(AA3055)/Assumptions!$C$7,3)=AJ3055,"Unloading",IF(ROUND(N(AB3055)/Assumptions!$C$8,3)=AJ3055,"Unload-to-QC Wait",IF(ROUND(N(AC3055)/Assumptions!$C$9,3)=AJ3055,"QC",IF(ROUND(N(AD3055)/Assumptions!$C$10,3)=AJ3055,"QC-to-GRN Wait",IF(ROUND(N(AE3055)/Assumptions!$C$11,3)=AJ3055,"GRN Processing",IF(ROUND(N(AF3055)/Assumptions!$C$12,3)=AJ3055,"GRN-to-Putaway Wait",IF(ROUND(N(AG3055)/Assumptions!$C$13,3)=AJ3055,"Putaway","Within SLA"))))))))))) -> Gate Wait
A3056: RCPT-03055 | B3056: PO-26-18827 | C3056: Vendor 11 | D3056: Kalyan DC | E3056: SKU-01-575 | F3056: Beverages | G3056: KLN-D2 | H3056: 46277.536 | I3056: 46277.628 | J3056: 46277.634 | K3056: 46277.673 | L3056: 46277.678 | M3056: 46277.697 | N3056: 46277.761 | O3056: 46277.808 | P3056: 46277.817 | Q3056: 46277.859 | R3056: 863 | S3056: 0 | T3056: 4 | U3056: Completed - Discrepancy | V3056: Vendor | W3056: =IF(AND(X3056>=6,X3056<14),"A",IF(AND(X3056>=14,X3056<22),"B","C")) -> A | X3056: =HOUR(H3056) -> 12 | Y3056: =ROUND((I3056-H3056)*1440,0) -> 133 | Z3056: =ROUND((J3056-I3056)*1440,0) -> 8 | AA3056: =ROUND((K3056-J3056)*1440,0) -> 56 | AB3056: =ROUND((L3056-K3056)*1440,0) -> 8 | AC3056: =ROUND((M3056-L3056)*1440,0) -> 27 | AD3056: =IF(N3056="","",ROUND((N3056-M3056)*1440,0)) -> 92 | AE3056: =IF(O3056="","",ROUND((O3056-N3056)*1440,0)) -> 68 | AF3056: =IF(P3056="","",ROUND((P3056-O3056)*1440,0)) -> 13 | AG3056: =IF(Q3056="","",ROUND((Q3056-P3056)*1440,0)) -> 60 | AH3056: =IF(Q3056="","",ROUND((Q3056-H3056)*1440,0)) -> 465 | AI3056: =ROUND(IF(O3056="",Assumptions!$B$25-K3056,O3056-K3056)*24,1) -> 3.3 | AJ3056: =ROUND(MAX(N(Y3056)/Assumptions!$C$5, N(Z3056)/Assumptions!$C$6, N(AA3056)/Assumptions!$C$7, N(AB3056)/Assumptions!$C$8, N(AC3056)/Assumptions!$C$9, N(AD3056)/Assumptions!$C$10, N(AE3056)/Assumptions!$C$11, N(AF3056)/Assumptions!$C$12, N(AG3056)/Assumptions!$C$13),3) -> 4.433 | AK3056: =IF(OR(U3056="Pending",U3056="On Hold"),"Open GRN (awaiting)",IF(AJ3056<=1,"Within SLA",IF(ROUND(N(Y3056)/Assumptions!$C$5,3)=AJ3056,"Gate Wait",IF(ROUND(N(Z3056)/Assumptions!$C$6,3)=AJ3056,"Dock Wait",IF(ROUND(N(AA3056)/Assumptions!$C$7,3)=AJ3056,"Unloading",IF(ROUND(N(AB3056)/Assumptions!$C$8,3)=AJ3056,"Unload-to-QC Wait",IF(ROUND(N(AC3056)/Assumptions!$C$9,3)=AJ3056,"QC",IF(ROUND(N(AD3056)/Assumptions!$C$10,3)=AJ3056,"QC-to-GRN Wait",IF(ROUND(N(AE3056)/Assumptions!$C$11,3)=AJ3056,"GRN Processing",IF(ROUND(N(AF3056)/Assumptions!$C$12,3)=AJ3056,"GRN-to-Putaway Wait",IF(ROUND(N(AG3056)/Assumptions!$C$13,3)=AJ3056,"Putaway","Within SLA"))))))))))) -> Gate Wait
A3057: RCPT-03056 | B3057: PO-26-49291 | C3057: Vendor 12 | D3057: Pimplas DC | E3057: SKU-04-558 | F3057: Packaging | G3057: PMP-D2 | H3057: 46277.551 | I3057: 46277.587 | J3057: 46277.591 | K3057: 46277.614 | L3057: 46277.617 | M3057: 46277.645 | N3057: 46277.688 | O3057: 46277.767 | P3057: 46277.776 | Q3057: 46277.786 | R3057: 1102 | S3057: 0 | T3057: 0 | U3057: Completed | V3057: System | W3057: =IF(AND(X3057>=6,X3057<14),"A",IF(AND(X3057>=14,X3057<22),"B","C")) -> A | X3057: =HOUR(H3057) -> 13 | Y3057: =ROUND((I3057-H3057)*1440,0) -> 52 | Z3057: =ROUND((J3057-I3057)*1440,0) -> 6 | AA3057: =ROUND((K3057-J3057)*1440,0) -> 33 | AB3057: =ROUND((L3057-K3057)*1440,0) -> 5 | AC3057: =ROUND((M3057-L3057)*1440,0) -> 40 | AD3057: =IF(N3057="","",ROUND((N3057-M3057)*1440,0)) -> 61 | AE3057: =IF(O3057="","",ROUND((O3057-N3057)*1440,0)) -> 114 | AF3057: =IF(P3057="","",ROUND((P3057-O3057)*1440,0)) -> 14 | AG3057: =IF(Q3057="","",ROUND((Q3057-P3057)*1440,0)) -> 14 | AH3057: =IF(Q3057="","",ROUND((Q3057-H3057)*1440,0)) -> 339 | AI3057: =ROUND(IF(O3057="",Assumptions!$B$25-K3057,O3057-K3057)*24,1) -> 3.7 | AJ3057: =ROUND(MAX(N(Y3057)/Assumptions!$C$5, N(Z3057)/Assumptions!$C$6, N(AA3057)/Assumptions!$C$7, N(AB3057)/Assumptions!$C$8, N(AC3057)/Assumptions!$C$9, N(AD3057)/Assumptions!$C$10, N(AE3057)/Assumptions!$C$11, N(AF3057)/Assumptions!$C$12, N(AG3057)/Assumptions!$C$13),3) -> 2.533 | AK3057: =IF(OR(U3057="Pending",U3057="On Hold"),"Open GRN (awaiting)",IF(AJ3057<=1,"Within SLA",IF(ROUND(N(Y3057)/Assumptions!$C$5,3)=AJ3057,"Gate Wait",IF(ROUND(N(Z3057)/Assumptions!$C$6,3)=AJ3057,"Dock Wait",IF(ROUND(N(AA3057)/Assumptions!$C$7,3)=AJ3057,"Unloading",IF(ROUND(N(AB3057)/Assumptions!$C$8,3)=AJ3057,"Unload-to-QC Wait",IF(ROUND(N(AC3057)/Assumptions!$C$9,3)=AJ3057,"QC",IF(ROUND(N(AD3057)/Assumptions!$C$10,3)=AJ3057,"QC-to-GRN Wait",IF(ROUND(N(AE3057)/Assumptions!$C$11,3)=AJ3057,"GRN Processing",IF(ROUND(N(AF3057)/Assumptions!$C$12,3)=AJ3057,"GRN-to-Putaway Wait",IF(ROUND(N(AG3057)/Assumptions!$C$13,3)=AJ3057,"Putaway","Within SLA"))))))))))) -> GRN Processing
A3058: RCPT-03057 | B3058: PO-26-23748 | C3058: Vendor 04 | D3058: Bhiwandi DC | E3058: SKU-05-612 | F3058: Personal Care | G3058: BHW-D2 | H3058: 46277.558 | I3058: 46277.574 | J3058: 46277.58 | K3058: 46277.598 | L3058: 46277.607 | M3058: 46277.64 | N3058: 46277.651 | O3058: 46277.667 | P3058: 46277.682 | Q3058: 46277.705 | R3058: 605 | S3058: 0 | T3058: 0 | U3058: Completed | V3058: Manpower | W3058: =IF(AND(X3058>=6,X3058<14),"A",IF(AND(X3058>=14,X3058<22),"B","C")) -> A | X3058: =HOUR(H3058) -> 13 | Y3058: =ROUND((I3058-H3058)*1440,0) -> 23 | Z3058: =ROUND((J3058-I3058)*1440,0) -> 8 | AA3058: =ROUND((K3058-J3058)*1440,0) -> 26 | AB3058: =ROUND((L3058-K3058)*1440,0) -> 13 | AC3058: =ROUND((M3058-L3058)*1440,0) -> 48 | AD3058: =IF(N3058="","",ROUND((N3058-M3058)*1440,0)) -> 15 | AE3058: =IF(O3058="","",ROUND((O3058-N3058)*1440,0)) -> 24 | AF3058: =IF(P3058="","",ROUND((P3058-O3058)*1440,0)) -> 21 | AG3058: =IF(Q3058="","",ROUND((Q3058-P3058)*1440,0)) -> 33 | AH3058: =IF(Q3058="","",ROUND((Q3058-H3058)*1440,0)) -> 211 | AI3058: =ROUND(IF(O3058="",Assumptions!$B$25-K3058,O3058-K3058)*24,1) -> 1.7 | AJ3058: =ROUND(MAX(N(Y3058)/Assumptions!$C$5, N(Z3058)/Assumptions!$C$6, N(AA3058)/Assumptions!$C$7, N(AB3058)/Assumptions!$C$8, N(AC3058)/Assumptions!$C$9, N(AD3058)/Assumptions!$C$10, N(AE3058)/Assumptions!$C$11, N(AF3058)/Assumptions!$C$12, N(AG3058)/Assumptions!$C$13),3) -> 1.067 | AK3058: =IF(OR(U3058="Pending",U3058="On Hold"),"Open GRN (awaiting)",IF(AJ3058<=1,"Within SLA",IF(ROUND(N(Y3058)/Assumptions!$C$5,3)=AJ3058,"Gate Wait",IF(ROUND(N(Z3058)/Assumptions!$C$6,3)=AJ3058,"Dock Wait",IF(ROUND(N(AA3058)/Assumptions!$C$7,3)=AJ3058,"Unloading",IF(ROUND(N(AB3058)/Assumptions!$C$8,3)=AJ3058,"Unload-to-QC Wait",IF(ROUND(N(AC3058)/Assumptions!$C$9,3)=AJ3058,"QC",IF(ROUND(N(AD3058)/Assumptions!$C$10,3)=AJ3058,"QC-to-GRN Wait",IF(ROUND(N(AE3058)/Assumptions!$C$11,3)=AJ3058,"GRN Processing",IF(ROUND(N(AF3058)/Assumptions!$C$12,3)=AJ3058,"GRN-to-Putaway Wait",IF(ROUND(N(AG3058)/Assumptions!$C$13,3)=AJ3058,"Putaway","Within SLA"))))))))))) -> QC
A3059: RCPT-03058 | B3059: PO-26-44253 | C3059: Vendor 11 | D3059: Bhiwandi DC | E3059: SKU-01-339 | F3059: Beverages | G3059: BHW-D2 | H3059: 46277.569 | I3059: 46277.588 | J3059: 46277.595 | K3059: 46277.641 | L3059: 46277.651 | M3059: 46277.695 | R3059: 496 | S3059: 0 | T3059: 7 | U3059: On Hold | V3059: System | W3059: =IF(AND(X3059>=6,X3059<14),"A",IF(AND(X3059>=14,X3059<22),"B","C")) -> A | X3059: =HOUR(H3059) -> 13 | Y3059: =ROUND((I3059-H3059)*1440,0) -> 27 | Z3059: =ROUND((J3059-I3059)*1440,0) -> 10 | AA3059: =ROUND((K3059-J3059)*1440,0) -> 66 | AB3059: =ROUND((L3059-K3059)*1440,0) -> 15 | AC3059: =ROUND((M3059-L3059)*1440,0) -> 63 | AD3059: =IF(N3059="","",ROUND((N3059-M3059)*1440,0)) | AE3059: =IF(O3059="","",ROUND((O3059-N3059)*1440,0)) | AF3059: =IF(P3059="","",ROUND((P3059-O3059)*1440,0)) | AG3059: =IF(Q3059="","",ROUND((Q3059-P3059)*1440,0)) | AH3059: =IF(Q3059="","",ROUND((Q3059-H3059)*1440,0)) | AI3059: =ROUND(IF(O3059="",Assumptions!$B$25-K3059,O3059-K3059)*24,1) -> 472.6 | AJ3059: =ROUND(MAX(N(Y3059)/Assumptions!$C$5, N(Z3059)/Assumptions!$C$6, N(AA3059)/Assumptions!$C$7, N(AB3059)/Assumptions!$C$8, N(AC3059)/Assumptions!$C$9, N(AD3059)/Assumptions!$C$10, N(AE3059)/Assumptions!$C$11, N(AF3059)/Assumptions!$C$12, N(AG3059)/Assumptions!$C$13),3) -> 1.4 | AK3059: =IF(OR(U3059="Pending",U3059="On Hold"),"Open GRN (awaiting)",IF(AJ3059<=1,"Within SLA",IF(ROUND(N(Y3059)/Assumptions!$C$5,3)=AJ3059,"Gate Wait",IF(ROUND(N(Z3059)/Assumptions!$C$6,3)=AJ3059,"Dock Wait",IF(ROUND(N(AA3059)/Assumptions!$C$7,3)=AJ3059,"Unloading",IF(ROUND(N(AB3059)/Assumptions!$C$8,3)=AJ3059,"Unload-to-QC Wait",IF(ROUND(N(AC3059)/Assumptions!$C$9,3)=AJ3059,"QC",IF(ROUND(N(AD3059)/Assumptions!$C$10,3)=AJ3059,"QC-to-GRN Wait",IF(ROUND(N(AE3059)/Assumptions!$C$11,3)=AJ3059,"GRN Processing",IF(ROUND(N(AF3059)/Assumptions!$C$12,3)=AJ3059,"GRN-to-Putaway Wait",IF(ROUND(N(AG3059)/Assumptions!$C$13,3)=AJ3059,"Putaway","Within SLA"))))))))))) -> Open GRN (awaiting)
A3060: RCPT-03059 | B3060: PO-26-59442 | C3060: Vendor 05 | D3060: Pimplas DC | E3060: SKU-03-565 | F3060: Home Care | G3060: PMP-D1 | H3060: 46277.579 | I3060: 46277.601 | J3060: 46277.603 | K3060: 46277.621 | L3060: 46277.631 | M3060: 46277.643 | N3060: 46277.658 | O3060: 46277.69 | P3060: 46277.713 | Q3060: 46277.728 | R3060: 143 | S3060: 0 | T3060: 0 | U3060: Completed | V3060: Manpower | W3060: =IF(AND(X3060>=6,X3060<14),"A",IF(AND(X3060>=14,X3060<22),"B","C")) -> A | X3060: =HOUR(H3060) -> 13 | Y3060: =ROUND((I3060-H3060)*1440,0) -> 31 | Z3060: =ROUND((J3060-I3060)*1440,0) -> 4 | AA3060: =ROUND((K3060-J3060)*1440,0) -> 25 | AB3060: =ROUND((L3060-K3060)*1440,0) -> 14 | AC3060: =ROUND((M3060-L3060)*1440,0) -> 18 | AD3060: =IF(N3060="","",ROUND((N3060-M3060)*1440,0)) -> 22 | AE3060: =IF(O3060="","",ROUND((O3060-N3060)*1440,0)) -> 46 | AF3060: =IF(P3060="","",ROUND((P3060-O3060)*1440,0)) -> 33 | AG3060: =IF(Q3060="","",ROUND((Q3060-P3060)*1440,0)) -> 22 | AH3060: =IF(Q3060="","",ROUND((Q3060-H3060)*1440,0)) -> 215 | AI3060: =ROUND(IF(O3060="",Assumptions!$B$25-K3060,O3060-K3060)*24,1) -> 1.7 | AJ3060: =ROUND(MAX(N(Y3060)/Assumptions!$C$5, N(Z3060)/Assumptions!$C$6, N(AA3060)/Assumptions!$C$7, N(AB3060)/Assumptions!$C$8, N(AC3060)/Assumptions!$C$9, N(AD3060)/Assumptions!$C$10, N(AE3060)/Assumptions!$C$11, N(AF3060)/Assumptions!$C$12, N(AG3060)/Assumptions!$C$13),3) -> 1.65 | AK3060: =IF(OR(U3060="Pending",U3060="On Hold"),"Open GRN (awaiting)",IF(AJ3060<=1,"Within SLA",IF(ROUND(N(Y3060)/Assumptions!$C$5,3)=AJ3060,"Gate Wait",IF(ROUND(N(Z3060)/Assumptions!$C$6,3)=AJ3060,"Dock Wait",IF(ROUND(N(AA3060)/Assumptions!$C$7,3)=AJ3060,"Unloading",IF(ROUND(N(AB3060)/Assumptions!$C$8,3)=AJ3060,"Unload-to-QC Wait",IF(ROUND(N(AC3060)/Assumptions!$C$9,3)=AJ3060,"QC",IF(ROUND(N(AD3060)/Assumptions!$C$10,3)=AJ3060,"QC-to-GRN Wait",IF(ROUND(N(AE3060)/Assumptions!$C$11,3)=AJ3060,"GRN Processing",IF(ROUND(N(AF3060)/Assumptions!$C$12,3)=AJ3060,"GRN-to-Putaway Wait",IF(ROUND(N(AG3060)/Assumptions!$C$13,3)=AJ3060,"Putaway","Within SLA"))))))))))) -> GRN-to-Putaway Wait
A3061: RCPT-03060 | B3061: PO-26-24705 | C3061: Vendor 05 | D3061: Bhiwandi DC | E3061: SKU-03-163 | F3061: Home Care | G3061: BHW-D1 | H3061: 46277.585 | I3061: 46277.71 | J3061: 46277.714 | K3061: 46277.738 | L3061: 46277.745 | M3061: 46277.768 | N3061: 46277.791 | O3061: 46277.842 | P3061: 46277.844 | Q3061: 46277.856 | R3061: 553 | S3061: 0 | T3061: 0 | U3061: Completed | V3061: Space / Equipment | W3061: =IF(AND(X3061>=6,X3061<14),"A",IF(AND(X3061>=14,X3061<22),"B","C")) -> B | X3061: =HOUR(H3061) -> 14 | Y3061: =ROUND((I3061-H3061)*1440,0) -> 180 | Z3061: =ROUND((J3061-I3061)*1440,0) -> 5 | AA3061: =ROUND((K3061-J3061)*1440,0) -> 35 | AB3061: =ROUND((L3061-K3061)*1440,0) -> 10 | AC3061: =ROUND((M3061-L3061)*1440,0) -> 33 | AD3061: =IF(N3061="","",ROUND((N3061-M3061)*1440,0)) -> 33 | AE3061: =IF(O3061="","",ROUND((O3061-N3061)*1440,0)) -> 74 | AF3061: =IF(P3061="","",ROUND((P3061-O3061)*1440,0)) -> 3 | AG3061: =IF(Q3061="","",ROUND((Q3061-P3061)*1440,0)) -> 16 | AH3061: =IF(Q3061="","",ROUND((Q3061-H3061)*1440,0)) -> 389 | AI3061: =ROUND(IF(O3061="",Assumptions!$B$25-K3061,O3061-K3061)*24,1) -> 2.5 | AJ3061: =ROUND(MAX(N(Y3061)/Assumptions!$C$5, N(Z3061)/Assumptions!$C$6, N(AA3061)/Assumptions!$C$7, N(AB3061)/Assumptions!$C$8, N(AC3061)/Assumptions!$C$9, N(AD3061)/Assumptions!$C$10, N(AE3061)/Assumptions!$C$11, N(AF3061)/Assumptions!$C$12, N(AG3061)/Assumptions!$C$13),3) -> 6 | AK3061: =IF(OR(U3061="Pending",U3061="On Hold"),"Open GRN (awaiting)",IF(AJ3061<=1,"Within SLA",IF(ROUND(N(Y3061)/Assumptions!$C$5,3)=AJ3061,"Gate Wait",IF(ROUND(N(Z3061)/Assumptions!$C$6,3)=AJ3061,"Dock Wait",IF(ROUND(N(AA3061)/Assumptions!$C$7,3)=AJ3061,"Unloading",IF(ROUND(N(AB3061)/Assumptions!$C$8,3)=AJ3061,"Unload-to-QC Wait",IF(ROUND(N(AC3061)/Assumptions!$C$9,3)=AJ3061,"QC",IF(ROUND(N(AD3061)/Assumptions!$C$10,3)=AJ3061,"QC-to-GRN Wait",IF(ROUND(N(AE3061)/Assumptions!$C$11,3)=AJ3061,"GRN Processing",IF(ROUND(N(AF3061)/Assumptions!$C$12,3)=AJ3061,"GRN-to-Putaway Wait",IF(ROUND(N(AG3061)/Assumptions!$C$13,3)=AJ3061,"Putaway","Within SLA"))))))))))) -> Gate Wait
A3062: RCPT-03061 | B3062: PO-26-42557 | C3062: Vendor 06 | D3062: Kalyan DC | E3062: SKU-07-769 | F3062: Staples | G3062: KLN-D1 | H3062: 46277.596 | I3062: 46277.614 | J3062: 46277.618 | K3062: 46277.637 | L3062: 46277.644 | M3062: 46277.66 | N3062: 46277.689 | O3062: 46277.794 | P3062: 46277.799 | Q3062: 46277.815 | R3062: 97 | S3062: 0 | T3062: 0 | U3062: Completed | V3062: System | W3062: =IF(AND(X3062>=6,X3062<14),"A",IF(AND(X3062>=14,X3062<22),"B","C")) -> B | X3062: =HOUR(H3062) -> 14 | Y3062: =ROUND((I3062-H3062)*1440,0) -> 26 | Z3062: =ROUND((J3062-I3062)*1440,0) -> 6 | AA3062: =ROUND((K3062-J3062)*1440,0) -> 28 | AB3062: =ROUND((L3062-K3062)*1440,0) -> 9 | AC3062: =ROUND((M3062-L3062)*1440,0) -> 24 | AD3062: =IF(N3062="","",ROUND((N3062-M3062)*1440,0)) -> 41 | AE3062: =IF(O3062="","",ROUND((O3062-N3062)*1440,0)) -> 152 | AF3062: =IF(P3062="","",ROUND((P3062-O3062)*1440,0)) -> 6 | AG3062: =IF(Q3062="","",ROUND((Q3062-P3062)*1440,0)) -> 23 | AH3062: =IF(Q3062="","",ROUND((Q3062-H3062)*1440,0)) -> 315 | AI3062: =ROUND(IF(O3062="",Assumptions!$B$25-K3062,O3062-K3062)*24,1) -> 3.8 | AJ3062: =ROUND(MAX(N(Y3062)/Assumptions!$C$5, N(Z3062)/Assumptions!$C$6, N(AA3062)/Assumptions!$C$7, N(AB3062)/Assumptions!$C$8, N(AC3062)/Assumptions!$C$9, N(AD3062)/Assumptions!$C$10, N(AE3062)/Assumptions!$C$11, N(AF3062)/Assumptions!$C$12, N(AG3062)/Assumptions!$C$13),3) -> 3.378 | AK3062: =IF(OR(U3062="Pending",U3062="On Hold"),"Open GRN (awaiting)",IF(AJ3062<=1,"Within SLA",IF(ROUND(N(Y3062)/Assumptions!$C$5,3)=AJ3062,"Gate Wait",IF(ROUND(N(Z3062)/Assumptions!$C$6,3)=AJ3062,"Dock Wait",IF(ROUND(N(AA3062)/Assumptions!$C$7,3)=AJ3062,"Unloading",IF(ROUND(N(AB3062)/Assumptions!$C$8,3)=AJ3062,"Unload-to-QC Wait",IF(ROUND(N(AC3062)/Assumptions!$C$9,3)=AJ3062,"QC",IF(ROUND(N(AD3062)/Assumptions!$C$10,3)=AJ3062,"QC-to-GRN Wait",IF(ROUND(N(AE3062)/Assumptions!$C$11,3)=AJ3062,"GRN Processing",IF(ROUND(N(AF3062)/Assumptions!$C$12,3)=AJ3062,"GRN-to-Putaway Wait",IF(ROUND(N(AG3062)/Assumptions!$C$13,3)=AJ3062,"Putaway","Within SLA"))))))))))) -> GRN Processing
A3063: RCPT-03062 | B3063: PO-26-42350 | C3063: Vendor 07 | D3063: Pimplas DC | E3063: SKU-04-994 | F3063: Packaging | G3063: PMP-D1 | H3063: 46277.605 | I3063: 46277.659 | J3063: 46277.666 | K3063: 46277.69 | L3063: 46277.703 | M3063: 46277.724 | N3063: 46277.731 | O3063: 46277.754 | P3063: 46277.772 | Q3063: 46277.791 | R3063: 159 | S3063: 0 | T3063: 0 | U3063: Completed | V3063: Space / Equipment | W3063: =IF(AND(X3063>=6,X3063<14),"A",IF(AND(X3063>=14,X3063<22),"B","C")) -> B | X3063: =HOUR(H3063) -> 14 | Y3063: =ROUND((I3063-H3063)*1440,0) -> 78 | Z3063: =ROUND((J3063-I3063)*1440,0) -> 10 | AA3063: =ROUND((K3063-J3063)*1440,0) -> 35 | AB3063: =ROUND((L3063-K3063)*1440,0) -> 18 | AC3063: =ROUND((M3063-L3063)*1440,0) -> 30 | AD3063: =IF(N3063="","",ROUND((N3063-M3063)*1440,0)) -> 11 | AE3063: =IF(O3063="","",ROUND((O3063-N3063)*1440,0)) -> 33 | AF3063: =IF(P3063="","",ROUND((P3063-O3063)*1440,0)) -> 26 | AG3063: =IF(Q3063="","",ROUND((Q3063-P3063)*1440,0)) -> 27 | AH3063: =IF(Q3063="","",ROUND((Q3063-H3063)*1440,0)) -> 268 | AI3063: =ROUND(IF(O3063="",Assumptions!$B$25-K3063,O3063-K3063)*24,1) -> 1.5 | AJ3063: =ROUND(MAX(N(Y3063)/Assumptions!$C$5, N(Z3063)/Assumptions!$C$6, N(AA3063)/Assumptions!$C$7, N(AB3063)/Assumptions!$C$8, N(AC3063)/Assumptions!$C$9, N(AD3063)/Assumptions!$C$10, N(AE3063)/Assumptions!$C$11, N(AF3063)/Assumptions!$C$12, N(AG3063)/Assumptions!$C$13),3) -> 2.6 | AK3063: =IF(OR(U3063="Pending",U3063="On Hold"),"Open GRN (awaiting)",IF(AJ3063<=1,"Within SLA",IF(ROUND(N(Y3063)/Assumptions!$C$5,3)=AJ3063,"Gate Wait",IF(ROUND(N(Z3063)/Assumptions!$C$6,3)=AJ3063,"Dock Wait",IF(ROUND(N(AA3063)/Assumptions!$C$7,3)=AJ3063,"Unloading",IF(ROUND(N(AB3063)/Assumptions!$C$8,3)=AJ3063,"Unload-to-QC Wait",IF(ROUND(N(AC3063)/Assumptions!$C$9,3)=AJ3063,"QC",IF(ROUND(N(AD3063)/Assumptions!$C$10,3)=AJ3063,"QC-to-GRN Wait",IF(ROUND(N(AE3063)/Assumptions!$C$11,3)=AJ3063,"GRN Processing",IF(ROUND(N(AF3063)/Assumptions!$C$12,3)=AJ3063,"GRN-to-Putaway Wait",IF(ROUND(N(AG3063)/Assumptions!$C$13,3)=AJ3063,"Putaway","Within SLA"))))))))))) -> Gate Wait
A3064: RCPT-03063 | B3064: PO-26-59666 | C3064: Vendor 12 | D3064: Bhiwandi DC | E3064: SKU-04-936 | F3064: Packaging | G3064: BHW-D2 | H3064: 46277.623 | I3064: 46277.647 | J3064: 46277.653 | K3064: 46277.687 | L3064: 46277.692 | M3064: 46277.717 | N3064: 46277.78 | O3064: 46277.81 | P3064: 46277.82 | Q3064: 46277.835 | R3064: 490 | S3064: 0 | T3064: 0 | U3064: Completed | V3064: System | W3064: =IF(AND(X3064>=6,X3064<14),"A",IF(AND(X3064>=14,X3064<22),"B","C")) -> B | X3064: =HOUR(H3064) -> 14 | Y3064: =ROUND((I3064-H3064)*1440,0) -> 34 | Z3064: =ROUND((J3064-I3064)*1440,0) -> 9 | AA3064: =ROUND((K3064-J3064)*1440,0) -> 49 | AB3064: =ROUND((L3064-K3064)*1440,0) -> 8 | AC3064: =ROUND((M3064-L3064)*1440,0) -> 36 | AD3064: =IF(N3064="","",ROUND((N3064-M3064)*1440,0)) -> 90 | AE3064: =IF(O3064="","",ROUND((O3064-N3064)*1440,0)) -> 43 | AF3064: =IF(P3064="","",ROUND((P3064-O3064)*1440,0)) -> 15 | AG3064: =IF(Q3064="","",ROUND((Q3064-P3064)*1440,0)) -> 22 | AH3064: =IF(Q3064="","",ROUND((Q3064-H3064)*1440,0)) -> 306 | AI3064: =ROUND(IF(O3064="",Assumptions!$B$25-K3064,O3064-K3064)*24,1) -> 3 | AJ3064: =ROUND(MAX(N(Y3064)/Assumptions!$C$5, N(Z3064)/Assumptions!$C$6, N(AA3064)/Assumptions!$C$7, N(AB3064)/Assumptions!$C$8, N(AC3064)/Assumptions!$C$9, N(AD3064)/Assumptions!$C$10, N(AE3064)/Assumptions!$C$11, N(AF3064)/Assumptions!$C$12, N(AG3064)/Assumptions!$C$13),3) -> 3 | AK3064: =IF(OR(U3064="Pending",U3064="On Hold"),"Open GRN (awaiting)",IF(AJ3064<=1,"Within SLA",IF(ROUND(N(Y3064)/Assumptions!$C$5,3)=AJ3064,"Gate Wait",IF(ROUND(N(Z3064)/Assumptions!$C$6,3)=AJ3064,"Dock Wait",IF(ROUND(N(AA3064)/Assumptions!$C$7,3)=AJ3064,"Unloading",IF(ROUND(N(AB3064)/Assumptions!$C$8,3)=AJ3064,"Unload-to-QC Wait",IF(ROUND(N(AC3064)/Assumptions!$C$9,3)=AJ3064,"QC",IF(ROUND(N(AD3064)/Assumptions!$C$10,3)=AJ3064,"QC-to-GRN Wait",IF(ROUND(N(AE3064)/Assumptions!$C$11,3)=AJ3064,"GRN Processing",IF(ROUND(N(AF3064)/Assumptions!$C$12,3)=AJ3064,"GRN-to-Putaway Wait",IF(ROUND(N(AG3064)/Assumptions!$C$13,3)=AJ3064,"Putaway","Within SLA"))))))))))) -> QC-to-GRN Wait
A3065: RCPT-03064 | B3065: PO-26-19179 | C3065: Vendor 11 | D3065: Kalyan DC | E3065: SKU-01-733 | F3065: Beverages | G3065: KLN-D1 | H3065: 46277.626 | I3065: 46277.635 | J3065: 46277.641 | K3065: 46277.668 | L3065: 46277.698 | M3065: 46277.711 | R3065: 607 | S3065: 0 | T3065: 0 | U3065: On Hold | V3065: System | W3065: =IF(AND(X3065>=6,X3065<14),"A",IF(AND(X3065>=14,X3065<22),"B","C")) -> B | X3065: =HOUR(H3065) -> 15 | Y3065: =ROUND((I3065-H3065)*1440,0) -> 14 | Z3065: =ROUND((J3065-I3065)*1440,0) -> 8 | AA3065: =ROUND((K3065-J3065)*1440,0) -> 39 | AB3065: =ROUND((L3065-K3065)*1440,0) -> 43 | AC3065: =ROUND((M3065-L3065)*1440,0) -> 19 | AD3065: =IF(N3065="","",ROUND((N3065-M3065)*1440,0)) | AE3065: =IF(O3065="","",ROUND((O3065-N3065)*1440,0)) | AF3065: =IF(P3065="","",ROUND((P3065-O3065)*1440,0)) | AG3065: =IF(Q3065="","",ROUND((Q3065-P3065)*1440,0)) | AH3065: =IF(Q3065="","",ROUND((Q3065-H3065)*1440,0)) | AI3065: =ROUND(IF(O3065="",Assumptions!$B$25-K3065,O3065-K3065)*24,1) -> 472 | AJ3065: =ROUND(MAX(N(Y3065)/Assumptions!$C$5, N(Z3065)/Assumptions!$C$6, N(AA3065)/Assumptions!$C$7, N(AB3065)/Assumptions!$C$8, N(AC3065)/Assumptions!$C$9, N(AD3065)/Assumptions!$C$10, N(AE3065)/Assumptions!$C$11, N(AF3065)/Assumptions!$C$12, N(AG3065)/Assumptions!$C$13),3) -> 2.867 | AK3065: =IF(OR(U3065="Pending",U3065="On Hold"),"Open GRN (awaiting)",IF(AJ3065<=1,"Within SLA",IF(ROUND(N(Y3065)/Assumptions!$C$5,3)=AJ3065,"Gate Wait",IF(ROUND(N(Z3065)/Assumptions!$C$6,3)=AJ3065,"Dock Wait",IF(ROUND(N(AA3065)/Assumptions!$C$7,3)=AJ3065,"Unloading",IF(ROUND(N(AB3065)/Assumptions!$C$8,3)=AJ3065,"Unload-to-QC Wait",IF(ROUND(N(AC3065)/Assumptions!$C$9,3)=AJ3065,"QC",IF(ROUND(N(AD3065)/Assumptions!$C$10,3)=AJ3065,"QC-to-GRN Wait",IF(ROUND(N(AE3065)/Assumptions!$C$11,3)=AJ3065,"GRN Processing",IF(ROUND(N(AF3065)/Assumptions!$C$12,3)=AJ3065,"GRN-to-Putaway Wait",IF(ROUND(N(AG3065)/Assumptions!$C$13,3)=AJ3065,"Putaway","Within SLA"))))))))))) -> Open GRN (awaiting)
A3066: RCPT-03065 | B3066: PO-26-31504 | C3066: Vendor 03 | D3066: Bhiwandi DC | E3066: SKU-01-638 | F3066: Beverages | G3066: BHW-D1 | H3066: 46277.658 | I3066: 46277.712 | J3066: 46277.722 | K3066: 46277.752 | L3066: 46277.756 | M3066: 46277.769 | N3066: 46277.8 | O3066: 46277.845 | P3066: 46277.865 | Q3066: 46277.872 | R3066: 595 | S3066: 0 | T3066: 0 | U3066: Completed | V3066: Vendor | W3066: =IF(AND(X3066>=6,X3066<14),"A",IF(AND(X3066>=14,X3066<22),"B","C")) -> B | X3066: =HOUR(H3066) -> 15 | Y3066: =ROUND((I3066-H3066)*1440,0) -> 78 | Z3066: =ROUND((J3066-I3066)*1440,0) -> 15 | AA3066: =ROUND((K3066-J3066)*1440,0) -> 43 | AB3066: =ROUND((L3066-K3066)*1440,0) -> 5 | AC3066: =ROUND((M3066-L3066)*1440,0) -> 19 | AD3066: =IF(N3066="","",ROUND((N3066-M3066)*1440,0)) -> 45 | AE3066: =IF(O3066="","",ROUND((O3066-N3066)*1440,0)) -> 65 | AF3066: =IF(P3066="","",ROUND((P3066-O3066)*1440,0)) -> 29 | AG3066: =IF(Q3066="","",ROUND((Q3066-P3066)*1440,0)) -> 9 | AH3066: =IF(Q3066="","",ROUND((Q3066-H3066)*1440,0)) -> 308 | AI3066: =ROUND(IF(O3066="",Assumptions!$B$25-K3066,O3066-K3066)*24,1) -> 2.2 | AJ3066: =ROUND(MAX(N(Y3066)/Assumptions!$C$5, N(Z3066)/Assumptions!$C$6, N(AA3066)/Assumptions!$C$7, N(AB3066)/Assumptions!$C$8, N(AC3066)/Assumptions!$C$9, N(AD3066)/Assumptions!$C$10, N(AE3066)/Assumptions!$C$11, N(AF3066)/Assumptions!$C$12, N(AG3066)/Assumptions!$C$13),3) -> 2.6 | AK3066: =IF(OR(U3066="Pending",U3066="On Hold"),"Open GRN (awaiting)",IF(AJ3066<=1,"Within SLA",IF(ROUND(N(Y3066)/Assumptions!$C$5,3)=AJ3066,"Gate Wait",IF(ROUND(N(Z3066)/Assumptions!$C$6,3)=AJ3066,"Dock Wait",IF(ROUND(N(AA3066)/Assumptions!$C$7,3)=AJ3066,"Unloading",IF(ROUND(N(AB3066)/Assumptions!$C$8,3)=AJ3066,"Unload-to-QC Wait",IF(ROUND(N(AC3066)/Assumptions!$C$9,3)=AJ3066,"QC",IF(ROUND(N(AD3066)/Assumptions!$C$10,3)=AJ3066,"QC-to-GRN Wait",IF(ROUND(N(AE3066)/Assumptions!$C$11,3)=AJ3066,"GRN Processing",IF(ROUND(N(AF3066)/Assumptions!$C$12,3)=AJ3066,"GRN-to-Putaway Wait",IF(ROUND(N(AG3066)/Assumptions!$C$13,3)=AJ3066,"Putaway","Within SLA"))))))))))) -> Gate Wait
A3067: RCPT-03066 | B3067: PO-26-76359 | C3067: Vendor 11 | D3067: Kalyan DC | E3067: SKU-01-515 | F3067: Beverages | G3067: KLN-D1 | H3067: 46277.673 | I3067: 46277.707 | J3067: 46277.714 | K3067: 46277.734 | L3067: 46277.74 | M3067: 46277.766 | N3067: 46277.838 | O3067: 46277.944 | P3067: 46277.951 | Q3067: 46277.966 | R3067: 422 | S3067: 0 | T3067: 0 | U3067: Completed | V3067: System | W3067: =IF(AND(X3067>=6,X3067<14),"A",IF(AND(X3067>=14,X3067<22),"B","C")) -> B | X3067: =HOUR(H3067) -> 16 | Y3067: =ROUND((I3067-H3067)*1440,0) -> 49 | Z3067: =ROUND((J3067-I3067)*1440,0) -> 10 | AA3067: =ROUND((K3067-J3067)*1440,0) -> 29 | AB3067: =ROUND((L3067-K3067)*1440,0) -> 8 | AC3067: =ROUND((M3067-L3067)*1440,0) -> 38 | AD3067: =IF(N3067="","",ROUND((N3067-M3067)*1440,0)) -> 104 | AE3067: =IF(O3067="","",ROUND((O3067-N3067)*1440,0)) -> 152 | AF3067: =IF(P3067="","",ROUND((P3067-O3067)*1440,0)) -> 10 | AG3067: =IF(Q3067="","",ROUND((Q3067-P3067)*1440,0)) -> 22 | AH3067: =IF(Q3067="","",ROUND((Q3067-H3067)*1440,0)) -> 422 | AI3067: =ROUND(IF(O3067="",Assumptions!$B$25-K3067,O3067-K3067)*24,1) -> 5 | AJ3067: =ROUND(MAX(N(Y3067)/Assumptions!$C$5, N(Z3067)/Assumptions!$C$6, N(AA3067)/Assumptions!$C$7, N(AB3067)/Assumptions!$C$8, N(AC3067)/Assumptions!$C$9, N(AD3067)/Assumptions!$C$10, N(AE3067)/Assumptions!$C$11, N(AF3067)/Assumptions!$C$12, N(AG3067)/Assumptions!$C$13),3) -> 3.467 | AK3067: =IF(OR(U3067="Pending",U3067="On Hold"),"Open GRN (awaiting)",IF(AJ3067<=1,"Within SLA",IF(ROUND(N(Y3067)/Assumptions!$C$5,3)=AJ3067,"Gate Wait",IF(ROUND(N(Z3067)/Assumptions!$C$6,3)=AJ3067,"Dock Wait",IF(ROUND(N(AA3067)/Assumptions!$C$7,3)=AJ3067,"Unloading",IF(ROUND(N(AB3067)/Assumptions!$C$8,3)=AJ3067,"Unload-to-QC Wait",IF(ROUND(N(AC3067)/Assumptions!$C$9,3)=AJ3067,"QC",IF(ROUND(N(AD3067)/Assumptions!$C$10,3)=AJ3067,"QC-to-GRN Wait",IF(ROUND(N(AE3067)/Assumptions!$C$11,3)=AJ3067,"GRN Processing",IF(ROUND(N(AF3067)/Assumptions!$C$12,3)=AJ3067,"GRN-to-Putaway Wait",IF(ROUND(N(AG3067)/Assumptions!$C$13,3)=AJ3067,"Putaway","Within SLA"))))))))))) -> QC-to-GRN Wait
A3068: RCPT-03067 | B3068: PO-26-94070 | C3068: Vendor 04 | D3068: Pimplas DC | E3068: SKU-05-417 | F3068: Personal Care | G3068: PMP-D2 | H3068: 46277.681 | I3068: 46277.714 | J3068: 46277.719 | K3068: 46277.777 | L3068: 46277.783 | M3068: 46277.8 | R3068: 1653 | S3068: 0 | T3068: 0 | U3068: On Hold | V3068: Vendor | W3068: =IF(AND(X3068>=6,X3068<14),"A",IF(AND(X3068>=14,X3068<22),"B","C")) -> B | X3068: =HOUR(H3068) -> 16 | Y3068: =ROUND((I3068-H3068)*1440,0) -> 48 | Z3068: =ROUND((J3068-I3068)*1440,0) -> 8 | AA3068: =ROUND((K3068-J3068)*1440,0) -> 83 | AB3068: =ROUND((L3068-K3068)*1440,0) -> 8 | AC3068: =ROUND((M3068-L3068)*1440,0) -> 25 | AD3068: =IF(N3068="","",ROUND((N3068-M3068)*1440,0)) | AE3068: =IF(O3068="","",ROUND((O3068-N3068)*1440,0)) | AF3068: =IF(P3068="","",ROUND((P3068-O3068)*1440,0)) | AG3068: =IF(Q3068="","",ROUND((Q3068-P3068)*1440,0)) | AH3068: =IF(Q3068="","",ROUND((Q3068-H3068)*1440,0)) | AI3068: =ROUND(IF(O3068="",Assumptions!$B$25-K3068,O3068-K3068)*24,1) -> 469.4 | AJ3068: =ROUND(MAX(N(Y3068)/Assumptions!$C$5, N(Z3068)/Assumptions!$C$6, N(AA3068)/Assumptions!$C$7, N(AB3068)/Assumptions!$C$8, N(AC3068)/Assumptions!$C$9, N(AD3068)/Assumptions!$C$10, N(AE3068)/Assumptions!$C$11, N(AF3068)/Assumptions!$C$12, N(AG3068)/Assumptions!$C$13),3) -> 1.6 | AK3068: =IF(OR(U3068="Pending",U3068="On Hold"),"Open GRN (awaiting)",IF(AJ3068<=1,"Within SLA",IF(ROUND(N(Y3068)/Assumptions!$C$5,3)=AJ3068,"Gate Wait",IF(ROUND(N(Z3068)/Assumptions!$C$6,3)=AJ3068,"Dock Wait",IF(ROUND(N(AA3068)/Assumptions!$C$7,3)=AJ3068,"Unloading",IF(ROUND(N(AB3068)/Assumptions!$C$8,3)=AJ3068,"Unload-to-QC Wait",IF(ROUND(N(AC3068)/Assumptions!$C$9,3)=AJ3068,"QC",IF(ROUND(N(AD3068)/Assumptions!$C$10,3)=AJ3068,"QC-to-GRN Wait",IF(ROUND(N(AE3068)/Assumptions!$C$11,3)=AJ3068,"GRN Processing",IF(ROUND(N(AF3068)/Assumptions!$C$12,3)=AJ3068,"GRN-to-Putaway Wait",IF(ROUND(N(AG3068)/Assumptions!$C$13,3)=AJ3068,"Putaway","Within SLA"))))))))))) -> Open GRN (awaiting)
A3069: RCPT-03068 | B3069: PO-26-66665 | C3069: Vendor 04 | D3069: Kalyan DC | E3069: SKU-05-297 | F3069: Personal Care | G3069: KLN-D1 | H3069: 46277.685 | I3069: 46277.734 | J3069: 46277.737 | K3069: 46277.765 | L3069: 46277.769 | M3069: 46277.801 | N3069: 46277.819 | O3069: 46277.862 | P3069: 46277.873 | Q3069: 46277.883 | R3069: 1219 | S3069: 63 | T3069: 29 | U3069: Completed - Discrepancy | V3069: Space / Equipment | W3069: =IF(AND(X3069>=6,X3069<14),"A",IF(AND(X3069>=14,X3069<22),"B","C")) -> B | X3069: =HOUR(H3069) -> 16 | Y3069: =ROUND((I3069-H3069)*1440,0) -> 71 | Z3069: =ROUND((J3069-I3069)*1440,0) -> 4 | AA3069: =ROUND((K3069-J3069)*1440,0) -> 41 | AB3069: =ROUND((L3069-K3069)*1440,0) -> 6 | AC3069: =ROUND((M3069-L3069)*1440,0) -> 45 | AD3069: =IF(N3069="","",ROUND((N3069-M3069)*1440,0)) -> 27 | AE3069: =IF(O3069="","",ROUND((O3069-N3069)*1440,0)) -> 61 | AF3069: =IF(P3069="","",ROUND((P3069-O3069)*1440,0)) -> 16 | AG3069: =IF(Q3069="","",ROUND((Q3069-P3069)*1440,0)) -> 15 | AH3069: =IF(Q3069="","",ROUND((Q3069-H3069)*1440,0)) -> 286 | AI3069: =ROUND(IF(O3069="",Assumptions!$B$25-K3069,O3069-K3069)*24,1) -> 2.3 | AJ3069: =ROUND(MAX(N(Y3069)/Assumptions!$C$5, N(Z3069)/Assumptions!$C$6, N(AA3069)/Assumptions!$C$7, N(AB3069)/Assumptions!$C$8, N(AC3069)/Assumptions!$C$9, N(AD3069)/Assumptions!$C$10, N(AE3069)/Assumptions!$C$11, N(AF3069)/Assumptions!$C$12, N(AG3069)/Assumptions!$C$13),3) -> 2.367 | AK3069: =IF(OR(U3069="Pending",U3069="On Hold"),"Open GRN (awaiting)",IF(AJ3069<=1,"Within SLA",IF(ROUND(N(Y3069)/Assumptions!$C$5,3)=AJ3069,"Gate Wait",IF(ROUND(N(Z3069)/Assumptions!$C$6,3)=AJ3069,"Dock Wait",IF(ROUND(N(AA3069)/Assumptions!$C$7,3)=AJ3069,"Unloading",IF(ROUND(N(AB3069)/Assumptions!$C$8,3)=AJ3069,"Unload-to-QC Wait",IF(ROUND(N(AC3069)/Assumptions!$C$9,3)=AJ3069,"QC",IF(ROUND(N(AD3069)/Assumptions!$C$10,3)=AJ3069,"QC-to-GRN Wait",IF(ROUND(N(AE3069)/Assumptions!$C$11,3)=AJ3069,"GRN Processing",IF(ROUND(N(AF3069)/Assumptions!$C$12,3)=AJ3069,"GRN-to-Putaway Wait",IF(ROUND(N(AG3069)/Assumptions!$C$13,3)=AJ3069,"Putaway","Within SLA"))))))))))) -> Gate Wait
A3070: RCPT-03069 | B3070: PO-26-43530 | C3070: Vendor 08 | D3070: Pimplas DC | E3070: SKU-02-559 | F3070: Dairy & Frozen | G3070: PMP-D2 | H3070: 46277.685 | I3070: 46277.699 | J3070: 46277.701 | K3070: 46277.718 | L3070: 46277.726 | M3070: 46277.767 | R3070: 52 | S3070: 0 | T3070: 0 | U3070: On Hold | V3070: Documentation Mismatch | W3070: =IF(AND(X3070>=6,X3070<14),"A",IF(AND(X3070>=14,X3070<22),"B","C")) -> B | X3070: =HOUR(H3070) -> 16 | Y3070: =ROUND((I3070-H3070)*1440,0) -> 20 | Z3070: =ROUND((J3070-I3070)*1440,0) -> 4 | AA3070: =ROUND((K3070-J3070)*1440,0) -> 24 | AB3070: =ROUND((L3070-K3070)*1440,0) -> 11 | AC3070: =ROUND((M3070-L3070)*1440,0) -> 60 | AD3070: =IF(N3070="","",ROUND((N3070-M3070)*1440,0)) | AE3070: =IF(O3070="","",ROUND((O3070-N3070)*1440,0)) | AF3070: =IF(P3070="","",ROUND((P3070-O3070)*1440,0)) | AG3070: =IF(Q3070="","",ROUND((Q3070-P3070)*1440,0)) | AH3070: =IF(Q3070="","",ROUND((Q3070-H3070)*1440,0)) | AI3070: =ROUND(IF(O3070="",Assumptions!$B$25-K3070,O3070-K3070)*24,1) -> 470.8 | AJ3070: =ROUND(MAX(N(Y3070)/Assumptions!$C$5, N(Z3070)/Assumptions!$C$6, N(AA3070)/Assumptions!$C$7, N(AB3070)/Assumptions!$C$8, N(AC3070)/Assumptions!$C$9, N(AD3070)/Assumptions!$C$10, N(AE3070)/Assumptions!$C$11, N(AF3070)/Assumptions!$C$12, N(AG3070)/Assumptions!$C$13),3) -> 1.333 | AK3070: =IF(OR(U3070="Pending",U3070="On Hold"),"Open GRN (awaiting)",IF(AJ3070<=1,"Within SLA",IF(ROUND(N(Y3070)/Assumptions!$C$5,3)=AJ3070,"Gate Wait",IF(ROUND(N(Z3070)/Assumptions!$C$6,3)=AJ3070,"Dock Wait",IF(ROUND(N(AA3070)/Assumptions!$C$7,3)=AJ3070,"Unloading",IF(ROUND(N(AB3070)/Assumptions!$C$8,3)=AJ3070,"Unload-to-QC Wait",IF(ROUND(N(AC3070)/Assumptions!$C$9,3)=AJ3070,"QC",IF(ROUND(N(AD3070)/Assumptions!$C$10,3)=AJ3070,"QC-to-GRN Wait",IF(ROUND(N(AE3070)/Assumptions!$C$11,3)=AJ3070,"GRN Processing",IF(ROUND(N(AF3070)/Assumptions!$C$12,3)=AJ3070,"GRN-to-Putaway Wait",IF(ROUND(N(AG3070)/Assumptions!$C$13,3)=AJ3070,"Putaway","Within SLA"))))))))))) -> Open GRN (awaiting)
A3071: RCPT-03070 | B3071: PO-26-11468 | C3071: Vendor 04 | D3071: Bhiwandi DC | E3071: SKU-03-753 | F3071: Home Care | G3071: BHW-D2 | H3071: 46277.708 | I3071: 46277.726 | J3071: 46277.728 | K3071: 46277.769 | L3071: 46277.778 | M3071: 46277.792 | N3071: 46277.812 | O3071: 46277.844 | P3071: 46277.852 | Q3071: 46277.87 | R3071: 621 | S3071: 0 | T3071: 0 | U3071: Completed | V3071: System | W3071: =IF(AND(X3071>=6,X3071<14),"A",IF(AND(X3071>=14,X3071<22),"B","C")) -> B | X3071: =HOUR(H3071) -> 16 | Y3071: =ROUND((I3071-H3071)*1440,0) -> 27 | Z3071: =ROUND((J3071-I3071)*1440,0) -> 3 | AA3071: =ROUND((K3071-J3071)*1440,0) -> 58 | AB3071: =ROUND((L3071-K3071)*1440,0) -> 14 | AC3071: =ROUND((M3071-L3071)*1440,0) -> 19 | AD3071: =IF(N3071="","",ROUND((N3071-M3071)*1440,0)) -> 29 | AE3071: =IF(O3071="","",ROUND((O3071-N3071)*1440,0)) -> 47 | AF3071: =IF(P3071="","",ROUND((P3071-O3071)*1440,0)) -> 11 | AG3071: =IF(Q3071="","",ROUND((Q3071-P3071)*1440,0)) -> 26 | AH3071: =IF(Q3071="","",ROUND((Q3071-H3071)*1440,0)) -> 234 | AI3071: =ROUND(IF(O3071="",Assumptions!$B$25-K3071,O3071-K3071)*24,1) -> 1.8 | AJ3071: =ROUND(MAX(N(Y3071)/Assumptions!$C$5, N(Z3071)/Assumptions!$C$6, N(AA3071)/Assumptions!$C$7, N(AB3071)/Assumptions!$C$8, N(AC3071)/Assumptions!$C$9, N(AD3071)/Assumptions!$C$10, N(AE3071)/Assumptions!$C$11, N(AF3071)/Assumptions!$C$12, N(AG3071)/Assumptions!$C$13),3) -> 1.044 | AK3071: =IF(OR(U3071="Pending",U3071="On Hold"),"Open GRN (awaiting)",IF(AJ3071<=1,"Within SLA",IF(ROUND(N(Y3071)/Assumptions!$C$5,3)=AJ3071,"Gate Wait",IF(ROUND(N(Z3071)/Assumptions!$C$6,3)=AJ3071,"Dock Wait",IF(ROUND(N(AA3071)/Assumptions!$C$7,3)=AJ3071,"Unloading",IF(ROUND(N(AB3071)/Assumptions!$C$8,3)=AJ3071,"Unload-to-QC Wait",IF(ROUND(N(AC3071)/Assumptions!$C$9,3)=AJ3071,"QC",IF(ROUND(N(AD3071)/Assumptions!$C$10,3)=AJ3071,"QC-to-GRN Wait",IF(ROUND(N(AE3071)/Assumptions!$C$11,3)=AJ3071,"GRN Processing",IF(ROUND(N(AF3071)/Assumptions!$C$12,3)=AJ3071,"GRN-to-Putaway Wait",IF(ROUND(N(AG3071)/Assumptions!$C$13,3)=AJ3071,"Putaway","Within SLA"))))))))))) -> GRN Processing
A3072: RCPT-03071 | B3072: PO-26-32013 | C3072: Vendor 04 | D3072: Bhiwandi DC | E3072: SKU-05-950 | F3072: Personal Care | G3072: BHW-D2 | H3072: 46277.733 | I3072: 46277.765 | J3072: 46277.77 | K3072: 46277.801 | L3072: 46277.81 | M3072: 46277.833 | N3072: 46277.887 | O3072: 46277.931 | P3072: 46277.942 | Q3072: 46277.953 | R3072: 594 | S3072: 0 | T3072: 0 | U3072: Completed | V3072: Manpower | W3072: =IF(AND(X3072>=6,X3072<14),"A",IF(AND(X3072>=14,X3072<22),"B","C")) -> B | X3072: =HOUR(H3072) -> 17 | Y3072: =ROUND((I3072-H3072)*1440,0) -> 46 | Z3072: =ROUND((J3072-I3072)*1440,0) -> 7 | AA3072: =ROUND((K3072-J3072)*1440,0) -> 45 | AB3072: =ROUND((L3072-K3072)*1440,0) -> 13 | AC3072: =ROUND((M3072-L3072)*1440,0) -> 33 | AD3072: =IF(N3072="","",ROUND((N3072-M3072)*1440,0)) -> 77 | AE3072: =IF(O3072="","",ROUND((O3072-N3072)*1440,0)) -> 63 | AF3072: =IF(P3072="","",ROUND((P3072-O3072)*1440,0)) -> 16 | AG3072: =IF(Q3072="","",ROUND((Q3072-P3072)*1440,0)) -> 17 | AH3072: =IF(Q3072="","",ROUND((Q3072-H3072)*1440,0)) -> 317 | AI3072: =ROUND(IF(O3072="",Assumptions!$B$25-K3072,O3072-K3072)*24,1) -> 3.1 | AJ3072: =ROUND(MAX(N(Y3072)/Assumptions!$C$5, N(Z3072)/Assumptions!$C$6, N(AA3072)/Assumptions!$C$7, N(AB3072)/Assumptions!$C$8, N(AC3072)/Assumptions!$C$9, N(AD3072)/Assumptions!$C$10, N(AE3072)/Assumptions!$C$11, N(AF3072)/Assumptions!$C$12, N(AG3072)/Assumptions!$C$13),3) -> 2.567 | AK3072: =IF(OR(U3072="Pending",U3072="On Hold"),"Open GRN (awaiting)",IF(AJ3072<=1,"Within SLA",IF(ROUND(N(Y3072)/Assumptions!$C$5,3)=AJ3072,"Gate Wait",IF(ROUND(N(Z3072)/Assumptions!$C$6,3)=AJ3072,"Dock Wait",IF(ROUND(N(AA3072)/Assumptions!$C$7,3)=AJ3072,"Unloading",IF(ROUND(N(AB3072)/Assumptions!$C$8,3)=AJ3072,"Unload-to-QC Wait",IF(ROUND(N(AC3072)/Assumptions!$C$9,3)=AJ3072,"QC",IF(ROUND(N(AD3072)/Assumptions!$C$10,3)=AJ3072,"QC-to-GRN Wait",IF(ROUND(N(AE3072)/Assumptions!$C$11,3)=AJ3072,"GRN Processing",IF(ROUND(N(AF3072)/Assumptions!$C$12,3)=AJ3072,"GRN-to-Putaway Wait",IF(ROUND(N(AG3072)/Assumptions!$C$13,3)=AJ3072,"Putaway","Within SLA"))))))))))) -> QC-to-GRN Wait
A3073: RCPT-03072 | B3073: PO-26-98608 | C3073: Vendor 03 | D3073: Pimplas DC | E3073: SKU-01-606 | F3073: Beverages | G3073: PMP-D2 | H3073: 46277.738 | I3073: 46277.749 | J3073: 46277.753 | K3073: 46277.78 | L3073: 46277.788 | M3073: 46277.803 | N3073: 46277.817 | O3073: 46277.842 | P3073: 46277.846 | Q3073: 46277.86 | R3073: 437 | S3073: 0 | T3073: 0 | U3073: Completed | V3073: None | W3073: =IF(AND(X3073>=6,X3073<14),"A",IF(AND(X3073>=14,X3073<22),"B","C")) -> B | X3073: =HOUR(H3073) -> 17 | Y3073: =ROUND((I3073-H3073)*1440,0) -> 16 | Z3073: =ROUND((J3073-I3073)*1440,0) -> 6 | AA3073: =ROUND((K3073-J3073)*1440,0) -> 38 | AB3073: =ROUND((L3073-K3073)*1440,0) -> 12 | AC3073: =ROUND((M3073-L3073)*1440,0) -> 21 | AD3073: =IF(N3073="","",ROUND((N3073-M3073)*1440,0)) -> 21 | AE3073: =IF(O3073="","",ROUND((O3073-N3073)*1440,0)) -> 35 | AF3073: =IF(P3073="","",ROUND((P3073-O3073)*1440,0)) -> 6 | AG3073: =IF(Q3073="","",ROUND((Q3073-P3073)*1440,0)) -> 21 | AH3073: =IF(Q3073="","",ROUND((Q3073-H3073)*1440,0)) -> 176 | AI3073: =ROUND(IF(O3073="",Assumptions!$B$25-K3073,O3073-K3073)*24,1) -> 1.5 | AJ3073: =ROUND(MAX(N(Y3073)/Assumptions!$C$5, N(Z3073)/Assumptions!$C$6, N(AA3073)/Assumptions!$C$7, N(AB3073)/Assumptions!$C$8, N(AC3073)/Assumptions!$C$9, N(AD3073)/Assumptions!$C$10, N(AE3073)/Assumptions!$C$11, N(AF3073)/Assumptions!$C$12, N(AG3073)/Assumptions!$C$13),3) -> 0.8 | AK3073: =IF(OR(U3073="Pending",U3073="On Hold"),"Open GRN (awaiting)",IF(AJ3073<=1,"Within SLA",IF(ROUND(N(Y3073)/Assumptions!$C$5,3)=AJ3073,"Gate Wait",IF(ROUND(N(Z3073)/Assumptions!$C$6,3)=AJ3073,"Dock Wait",IF(ROUND(N(AA3073)/Assumptions!$C$7,3)=AJ3073,"Unloading",IF(ROUND(N(AB3073)/Assumptions!$C$8,3)=AJ3073,"Unload-to-QC Wait",IF(ROUND(N(AC3073)/Assumptions!$C$9,3)=AJ3073,"QC",IF(ROUND(N(AD3073)/Assumptions!$C$10,3)=AJ3073,"QC-to-GRN Wait",IF(ROUND(N(AE3073)/Assumptions!$C$11,3)=AJ3073,"GRN Processing",IF(ROUND(N(AF3073)/Assumptions!$C$12,3)=AJ3073,"GRN-to-Putaway Wait",IF(ROUND(N(AG3073)/Assumptions!$C$13,3)=AJ3073,"Putaway","Within SLA"))))))))))) -> Within SLA
A3074: RCPT-03073 | B3074: PO-26-74137 | C3074: Vendor 04 | D3074: Pimplas DC | E3074: SKU-05-264 | F3074: Personal Care | G3074: PMP-D1 | H3074: 46277.779 | I3074: 46277.79 | J3074: 46277.792 | K3074: 46277.826 | L3074: 46277.827 | M3074: 46277.851 | N3074: 46277.865 | O3074: 46277.908 | P3074: 46277.96 | Q3074: 46278.012 | R3074: 2085 | S3074: 0 | T3074: 0 | U3074: Completed | V3074: Manpower | W3074: =IF(AND(X3074>=6,X3074<14),"A",IF(AND(X3074>=14,X3074<22),"B","C")) -> B | X3074: =HOUR(H3074) -> 18 | Y3074: =ROUND((I3074-H3074)*1440,0) -> 15 | Z3074: =ROUND((J3074-I3074)*1440,0) -> 3 | AA3074: =ROUND((K3074-J3074)*1440,0) -> 49 | AB3074: =ROUND((L3074-K3074)*1440,0) -> 2 | AC3074: =ROUND((M3074-L3074)*1440,0) -> 35 | AD3074: =IF(N3074="","",ROUND((N3074-M3074)*1440,0)) -> 20 | AE3074: =IF(O3074="","",ROUND((O3074-N3074)*1440,0)) -> 62 | AF3074: =IF(P3074="","",ROUND((P3074-O3074)*1440,0)) -> 75 | AG3074: =IF(Q3074="","",ROUND((Q3074-P3074)*1440,0)) -> 74 | AH3074: =IF(Q3074="","",ROUND((Q3074-H3074)*1440,0)) -> 335 | AI3074: =ROUND(IF(O3074="",Assumptions!$B$25-K3074,O3074-K3074)*24,1) -> 2 | AJ3074: =ROUND(MAX(N(Y3074)/Assumptions!$C$5, N(Z3074)/Assumptions!$C$6, N(AA3074)/Assumptions!$C$7, N(AB3074)/Assumptions!$C$8, N(AC3074)/Assumptions!$C$9, N(AD3074)/Assumptions!$C$10, N(AE3074)/Assumptions!$C$11, N(AF3074)/Assumptions!$C$12, N(AG3074)/Assumptions!$C$13),3) -> 3.75 | AK3074: =IF(OR(U3074="Pending",U3074="On Hold"),"Open GRN (awaiting)",IF(AJ3074<=1,"Within SLA",IF(ROUND(N(Y3074)/Assumptions!$C$5,3)=AJ3074,"Gate Wait",IF(ROUND(N(Z3074)/Assumptions!$C$6,3)=AJ3074,"Dock Wait",IF(ROUND(N(AA3074)/Assumptions!$C$7,3)=AJ3074,"Unloading",IF(ROUND(N(AB3074)/Assumptions!$C$8,3)=AJ3074,"Unload-to-QC Wait",IF(ROUND(N(AC3074)/Assumptions!$C$9,3)=AJ3074,"QC",IF(ROUND(N(AD3074)/Assumptions!$C$10,3)=AJ3074,"QC-to-GRN Wait",IF(ROUND(N(AE3074)/Assumptions!$C$11,3)=AJ3074,"GRN Processing",IF(ROUND(N(AF3074)/Assumptions!$C$12,3)=AJ3074,"GRN-to-Putaway Wait",IF(ROUND(N(AG3074)/Assumptions!$C$13,3)=AJ3074,"Putaway","Within SLA"))))))))))) -> GRN-to-Putaway Wait
A3075: RCPT-03074 | B3075: PO-26-96154 | C3075: Vendor 03 | D3075: Pimplas DC | E3075: SKU-01-601 | F3075: Beverages | G3075: PMP-D2 | H3075: 46277.794 | I3075: 46277.803 | J3075: 46277.807 | K3075: 46277.815 | L3075: 46277.826 | M3075: 46277.836 | N3075: 46277.851 | O3075: 46277.87 | P3075: 46277.879 | Q3075: 46277.887 | R3075: 108 | S3075: 0 | T3075: 0 | U3075: Completed | V3075: None | W3075: =IF(AND(X3075>=6,X3075<14),"A",IF(AND(X3075>=14,X3075<22),"B","C")) -> B | X3075: =HOUR(H3075) -> 19 | Y3075: =ROUND((I3075-H3075)*1440,0) -> 14 | Z3075: =ROUND((J3075-I3075)*1440,0) -> 5 | AA3075: =ROUND((K3075-J3075)*1440,0) -> 12 | AB3075: =ROUND((L3075-K3075)*1440,0) -> 15 | AC3075: =ROUND((M3075-L3075)*1440,0) -> 15 | AD3075: =IF(N3075="","",ROUND((N3075-M3075)*1440,0)) -> 21 | AE3075: =IF(O3075="","",ROUND((O3075-N3075)*1440,0)) -> 28 | AF3075: =IF(P3075="","",ROUND((P3075-O3075)*1440,0)) -> 13 | AG3075: =IF(Q3075="","",ROUND((Q3075-P3075)*1440,0)) -> 11 | AH3075: =IF(Q3075="","",ROUND((Q3075-H3075)*1440,0)) -> 134 | AI3075: =ROUND(IF(O3075="",Assumptions!$B$25-K3075,O3075-K3075)*24,1) -> 1.3 | AJ3075: =ROUND(MAX(N(Y3075)/Assumptions!$C$5, N(Z3075)/Assumptions!$C$6, N(AA3075)/Assumptions!$C$7, N(AB3075)/Assumptions!$C$8, N(AC3075)/Assumptions!$C$9, N(AD3075)/Assumptions!$C$10, N(AE3075)/Assumptions!$C$11, N(AF3075)/Assumptions!$C$12, N(AG3075)/Assumptions!$C$13),3) -> 1 | AK3075: =IF(OR(U3075="Pending",U3075="On Hold"),"Open GRN (awaiting)",IF(AJ3075<=1,"Within SLA",IF(ROUND(N(Y3075)/Assumptions!$C$5,3)=AJ3075,"Gate Wait",IF(ROUND(N(Z3075)/Assumptions!$C$6,3)=AJ3075,"Dock Wait",IF(ROUND(N(AA3075)/Assumptions!$C$7,3)=AJ3075,"Unloading",IF(ROUND(N(AB3075)/Assumptions!$C$8,3)=AJ3075,"Unload-to-QC Wait",IF(ROUND(N(AC3075)/Assumptions!$C$9,3)=AJ3075,"QC",IF(ROUND(N(AD3075)/Assumptions!$C$10,3)=AJ3075,"QC-to-GRN Wait",IF(ROUND(N(AE3075)/Assumptions!$C$11,3)=AJ3075,"GRN Processing",IF(ROUND(N(AF3075)/Assumptions!$C$12,3)=AJ3075,"GRN-to-Putaway Wait",IF(ROUND(N(AG3075)/Assumptions!$C$13,3)=AJ3075,"Putaway","Within SLA"))))))))))) -> Within SLA
A3076: RCPT-03075 | B3076: PO-26-37549 | C3076: Vendor 09 | D3076: Kalyan DC | E3076: SKU-03-914 | F3076: Home Care | G3076: KLN-D2 | H3076: 46277.81 | I3076: 46277.819 | J3076: 46277.824 | K3076: 46277.851 | L3076: 46277.875 | M3076: 46277.896 | N3076: 46277.912 | O3076: 46277.967 | P3076: 46277.983 | Q3076: 46277.995 | R3076: 849 | S3076: 0 | T3076: 0 | U3076: Completed | V3076: Space / Equipment | W3076: =IF(AND(X3076>=6,X3076<14),"A",IF(AND(X3076>=14,X3076<22),"B","C")) -> B | X3076: =HOUR(H3076) -> 19 | Y3076: =ROUND((I3076-H3076)*1440,0) -> 14 | Z3076: =ROUND((J3076-I3076)*1440,0) -> 6 | AA3076: =ROUND((K3076-J3076)*1440,0) -> 40 | AB3076: =ROUND((L3076-K3076)*1440,0) -> 34 | AC3076: =ROUND((M3076-L3076)*1440,0) -> 30 | AD3076: =IF(N3076="","",ROUND((N3076-M3076)*1440,0)) -> 24 | AE3076: =IF(O3076="","",ROUND((O3076-N3076)*1440,0)) -> 79 | AF3076: =IF(P3076="","",ROUND((P3076-O3076)*1440,0)) -> 23 | AG3076: =IF(Q3076="","",ROUND((Q3076-P3076)*1440,0)) -> 17 | AH3076: =IF(Q3076="","",ROUND((Q3076-H3076)*1440,0)) -> 267 | AI3076: =ROUND(IF(O3076="",Assumptions!$B$25-K3076,O3076-K3076)*24,1) -> 2.8 | AJ3076: =ROUND(MAX(N(Y3076)/Assumptions!$C$5, N(Z3076)/Assumptions!$C$6, N(AA3076)/Assumptions!$C$7, N(AB3076)/Assumptions!$C$8, N(AC3076)/Assumptions!$C$9, N(AD3076)/Assumptions!$C$10, N(AE3076)/Assumptions!$C$11, N(AF3076)/Assumptions!$C$12, N(AG3076)/Assumptions!$C$13),3) -> 2.267 | AK3076: =IF(OR(U3076="Pending",U3076="On Hold"),"Open GRN (awaiting)",IF(AJ3076<=1,"Within SLA",IF(ROUND(N(Y3076)/Assumptions!$C$5,3)=AJ3076,"Gate Wait",IF(ROUND(N(Z3076)/Assumptions!$C$6,3)=AJ3076,"Dock Wait",IF(ROUND(N(AA3076)/Assumptions!$C$7,3)=AJ3076,"Unloading",IF(ROUND(N(AB3076)/Assumptions!$C$8,3)=AJ3076,"Unload-to-QC Wait",IF(ROUND(N(AC3076)/Assumptions!$C$9,3)=AJ3076,"QC",IF(ROUND(N(AD3076)/Assumptions!$C$10,3)=AJ3076,"QC-to-GRN Wait",IF(ROUND(N(AE3076)/Assumptions!$C$11,3)=AJ3076,"GRN Processing",IF(ROUND(N(AF3076)/Assumptions!$C$12,3)=AJ3076,"GRN-to-Putaway Wait",IF(ROUND(N(AG3076)/Assumptions!$C$13,3)=AJ3076,"Putaway","Within SLA"))))))))))) -> Unload-to-QC Wait
A3077: RCPT-03076 | B3077: PO-26-96977 | C3077: Vendor 10 | D3077: Kalyan DC | E3077: SKU-03-508 | F3077: Home Care | G3077: KLN-D1 | H3077: 46277.869 | I3077: 46277.875 | J3077: 46277.883 | K3077: 46277.92 | L3077: 46277.926 | M3077: 46277.94 | N3077: 46277.967 | O3077: 46277.982 | P3077: 46277.999 | Q3077: 46278.036 | R3077: 1185 | S3077: 0 | T3077: 0 | U3077: Completed | V3077: Manpower | W3077: =IF(AND(X3077>=6,X3077<14),"A",IF(AND(X3077>=14,X3077<22),"B","C")) -> B | X3077: =HOUR(H3077) -> 20 | Y3077: =ROUND((I3077-H3077)*1440,0) -> 9 | Z3077: =ROUND((J3077-I3077)*1440,0) -> 12 | AA3077: =ROUND((K3077-J3077)*1440,0) -> 53 | AB3077: =ROUND((L3077-K3077)*1440,0) -> 8 | AC3077: =ROUND((M3077-L3077)*1440,0) -> 21 | AD3077: =IF(N3077="","",ROUND((N3077-M3077)*1440,0)) -> 38 | AE3077: =IF(O3077="","",ROUND((O3077-N3077)*1440,0)) -> 22 | AF3077: =IF(P3077="","",ROUND((P3077-O3077)*1440,0)) -> 24 | AG3077: =IF(Q3077="","",ROUND((Q3077-P3077)*1440,0)) -> 54 | AH3077: =IF(Q3077="","",ROUND((Q3077-H3077)*1440,0)) -> 241 | AI3077: =ROUND(IF(O3077="",Assumptions!$B$25-K3077,O3077-K3077)*24,1) -> 1.5 | AJ3077: =ROUND(MAX(N(Y3077)/Assumptions!$C$5, N(Z3077)/Assumptions!$C$6, N(AA3077)/Assumptions!$C$7, N(AB3077)/Assumptions!$C$8, N(AC3077)/Assumptions!$C$9, N(AD3077)/Assumptions!$C$10, N(AE3077)/Assumptions!$C$11, N(AF3077)/Assumptions!$C$12, N(AG3077)/Assumptions!$C$13),3) -> 1.35 | AK3077: =IF(OR(U3077="Pending",U3077="On Hold"),"Open GRN (awaiting)",IF(AJ3077<=1,"Within SLA",IF(ROUND(N(Y3077)/Assumptions!$C$5,3)=AJ3077,"Gate Wait",IF(ROUND(N(Z3077)/Assumptions!$C$6,3)=AJ3077,"Dock Wait",IF(ROUND(N(AA3077)/Assumptions!$C$7,3)=AJ3077,"Unloading",IF(ROUND(N(AB3077)/Assumptions!$C$8,3)=AJ3077,"Unload-to-QC Wait",IF(ROUND(N(AC3077)/Assumptions!$C$9,3)=AJ3077,"QC",IF(ROUND(N(AD3077)/Assumptions!$C$10,3)=AJ3077,"QC-to-GRN Wait",IF(ROUND(N(AE3077)/Assumptions!$C$11,3)=AJ3077,"GRN Processing",IF(ROUND(N(AF3077)/Assumptions!$C$12,3)=AJ3077,"GRN-to-Putaway Wait",IF(ROUND(N(AG3077)/Assumptions!$C$13,3)=AJ3077,"Putaway","Within SLA"))))))))))) -> Putaway
A3078: RCPT-03077 | B3078: PO-26-56536 | C3078: Vendor 05 | D3078: Bhiwandi DC | E3078: SKU-03-847 | F3078: Home Care | G3078: BHW-D2 | H3078: 46277.903 | I3078: 46277.912 | J3078: 46277.915 | K3078: 46277.974 | L3078: 46277.978 | M3078: 46277.988 | N3078: 46278.024 | O3078: 46278.063 | P3078: 46278.078 | Q3078: 46278.103 | R3078: 322 | S3078: 0 | T3078: 0 | U3078: Completed | V3078: System | W3078: =IF(AND(X3078>=6,X3078<14),"A",IF(AND(X3078>=14,X3078<22),"B","C")) -> B | X3078: =HOUR(H3078) -> 21 | Y3078: =ROUND((I3078-H3078)*1440,0) -> 13 | Z3078: =ROUND((J3078-I3078)*1440,0) -> 4 | AA3078: =ROUND((K3078-J3078)*1440,0) -> 85 | AB3078: =ROUND((L3078-K3078)*1440,0) -> 7 | AC3078: =ROUND((M3078-L3078)*1440,0) -> 14 | AD3078: =IF(N3078="","",ROUND((N3078-M3078)*1440,0)) -> 51 | AE3078: =IF(O3078="","",ROUND((O3078-N3078)*1440,0)) -> 57 | AF3078: =IF(P3078="","",ROUND((P3078-O3078)*1440,0)) -> 21 | AG3078: =IF(Q3078="","",ROUND((Q3078-P3078)*1440,0)) -> 36 | AH3078: =IF(Q3078="","",ROUND((Q3078-H3078)*1440,0)) -> 288 | AI3078: =ROUND(IF(O3078="",Assumptions!$B$25-K3078,O3078-K3078)*24,1) -> 2.2 | AJ3078: =ROUND(MAX(N(Y3078)/Assumptions!$C$5, N(Z3078)/Assumptions!$C$6, N(AA3078)/Assumptions!$C$7, N(AB3078)/Assumptions!$C$8, N(AC3078)/Assumptions!$C$9, N(AD3078)/Assumptions!$C$10, N(AE3078)/Assumptions!$C$11, N(AF3078)/Assumptions!$C$12, N(AG3078)/Assumptions!$C$13),3) -> 1.7 | AK3078: =IF(OR(U3078="Pending",U3078="On Hold"),"Open GRN (awaiting)",IF(AJ3078<=1,"Within SLA",IF(ROUND(N(Y3078)/Assumptions!$C$5,3)=AJ3078,"Gate Wait",IF(ROUND(N(Z3078)/Assumptions!$C$6,3)=AJ3078,"Dock Wait",IF(ROUND(N(AA3078)/Assumptions!$C$7,3)=AJ3078,"Unloading",IF(ROUND(N(AB3078)/Assumptions!$C$8,3)=AJ3078,"Unload-to-QC Wait",IF(ROUND(N(AC3078)/Assumptions!$C$9,3)=AJ3078,"QC",IF(ROUND(N(AD3078)/Assumptions!$C$10,3)=AJ3078,"QC-to-GRN Wait",IF(ROUND(N(AE3078)/Assumptions!$C$11,3)=AJ3078,"GRN Processing",IF(ROUND(N(AF3078)/Assumptions!$C$12,3)=AJ3078,"GRN-to-Putaway Wait",IF(ROUND(N(AG3078)/Assumptions!$C$13,3)=AJ3078,"Putaway","Within SLA"))))))))))) -> QC-to-GRN Wait
A3079: RCPT-03078 | B3079: PO-26-66964 | C3079: Vendor 05 | D3079: Bhiwandi DC | E3079: SKU-03-836 | F3079: Home Care | G3079: BHW-D1 | H3079: 46279.063 | I3079: 46279.077 | J3079: 46279.088 | K3079: 46279.122 | L3079: 46279.129 | M3079: 46279.14 | R3079: 311 | S3079: 0 | T3079: 0 | U3079: On Hold | V3079: System | W3079: =IF(AND(X3079>=6,X3079<14),"A",IF(AND(X3079>=14,X3079<22),"B","C")) -> C | X3079: =HOUR(H3079) -> 1 | Y3079: =ROUND((I3079-H3079)*1440,0) -> 20 | Z3079: =ROUND((J3079-I3079)*1440,0) -> 15 | AA3079: =ROUND((K3079-J3079)*1440,0) -> 50 | AB3079: =ROUND((L3079-K3079)*1440,0) -> 10 | AC3079: =ROUND((M3079-L3079)*1440,0) -> 15 | AD3079: =IF(N3079="","",ROUND((N3079-M3079)*1440,0)) | AE3079: =IF(O3079="","",ROUND((O3079-N3079)*1440,0)) | AF3079: =IF(P3079="","",ROUND((P3079-O3079)*1440,0)) | AG3079: =IF(Q3079="","",ROUND((Q3079-P3079)*1440,0)) | AH3079: =IF(Q3079="","",ROUND((Q3079-H3079)*1440,0)) | AI3079: =ROUND(IF(O3079="",Assumptions!$B$25-K3079,O3079-K3079)*24,1) -> 437.1 | AJ3079: =ROUND(MAX(N(Y3079)/Assumptions!$C$5, N(Z3079)/Assumptions!$C$6, N(AA3079)/Assumptions!$C$7, N(AB3079)/Assumptions!$C$8, N(AC3079)/Assumptions!$C$9, N(AD3079)/Assumptions!$C$10, N(AE3079)/Assumptions!$C$11, N(AF3079)/Assumptions!$C$12, N(AG3079)/Assumptions!$C$13),3) -> 1 | AK3079: =IF(OR(U3079="Pending",U3079="On Hold"),"Open GRN (awaiting)",IF(AJ3079<=1,"Within SLA",IF(ROUND(N(Y3079)/Assumptions!$C$5,3)=AJ3079,"Gate Wait",IF(ROUND(N(Z3079)/Assumptions!$C$6,3)=AJ3079,"Dock Wait",IF(ROUND(N(AA3079)/Assumptions!$C$7,3)=AJ3079,"Unloading",IF(ROUND(N(AB3079)/Assumptions!$C$8,3)=AJ3079,"Unload-to-QC Wait",IF(ROUND(N(AC3079)/Assumptions!$C$9,3)=AJ3079,"QC",IF(ROUND(N(AD3079)/Assumptions!$C$10,3)=AJ3079,"QC-to-GRN Wait",IF(ROUND(N(AE3079)/Assumptions!$C$11,3)=AJ3079,"GRN Processing",IF(ROUND(N(AF3079)/Assumptions!$C$12,3)=AJ3079,"GRN-to-Putaway Wait",IF(ROUND(N(AG3079)/Assumptions!$C$13,3)=AJ3079,"Putaway","Within SLA"))))))))))) -> Open GRN (awaiting)
A3080: RCPT-03079 | B3080: PO-26-71480 | C3080: Vendor 07 | D3080: Kalyan DC | E3080: SKU-06-431 | F3080: Snacks | G3080: KLN-D2 | H3080: 46279.099 | I3080: 46279.104 | J3080: 46279.11 | K3080: 46279.128 | L3080: 46279.131 | M3080: 46279.145 | N3080: 46279.269 | O3080: 46279.307 | P3080: 46279.308 | Q3080: 46279.319 | R3080: 270 | S3080: 0 | T3080: 0 | U3080: Completed | V3080: Manpower | W3080: =IF(AND(X3080>=6,X3080<14),"A",IF(AND(X3080>=14,X3080<22),"B","C")) -> C | X3080: =HOUR(H3080) -> 2 | Y3080: =ROUND((I3080-H3080)*1440,0) -> 7 | Z3080: =ROUND((J3080-I3080)*1440,0) -> 9 | AA3080: =ROUND((K3080-J3080)*1440,0) -> 25 | AB3080: =ROUND((L3080-K3080)*1440,0) -> 4 | AC3080: =ROUND((M3080-L3080)*1440,0) -> 21 | AD3080: =IF(N3080="","",ROUND((N3080-M3080)*1440,0)) -> 178 | AE3080: =IF(O3080="","",ROUND((O3080-N3080)*1440,0)) -> 55 | AF3080: =IF(P3080="","",ROUND((P3080-O3080)*1440,0)) -> 2 | AG3080: =IF(Q3080="","",ROUND((Q3080-P3080)*1440,0)) -> 16 | AH3080: =IF(Q3080="","",ROUND((Q3080-H3080)*1440,0)) -> 317 | AI3080: =ROUND(IF(O3080="",Assumptions!$B$25-K3080,O3080-K3080)*24,1) -> 4.3 | AJ3080: =ROUND(MAX(N(Y3080)/Assumptions!$C$5, N(Z3080)/Assumptions!$C$6, N(AA3080)/Assumptions!$C$7, N(AB3080)/Assumptions!$C$8, N(AC3080)/Assumptions!$C$9, N(AD3080)/Assumptions!$C$10, N(AE3080)/Assumptions!$C$11, N(AF3080)/Assumptions!$C$12, N(AG3080)/Assumptions!$C$13),3) -> 5.933 | AK3080: =IF(OR(U3080="Pending",U3080="On Hold"),"Open GRN (awaiting)",IF(AJ3080<=1,"Within SLA",IF(ROUND(N(Y3080)/Assumptions!$C$5,3)=AJ3080,"Gate Wait",IF(ROUND(N(Z3080)/Assumptions!$C$6,3)=AJ3080,"Dock Wait",IF(ROUND(N(AA3080)/Assumptions!$C$7,3)=AJ3080,"Unloading",IF(ROUND(N(AB3080)/Assumptions!$C$8,3)=AJ3080,"Unload-to-QC Wait",IF(ROUND(N(AC3080)/Assumptions!$C$9,3)=AJ3080,"QC",IF(ROUND(N(AD3080)/Assumptions!$C$10,3)=AJ3080,"QC-to-GRN Wait",IF(ROUND(N(AE3080)/Assumptions!$C$11,3)=AJ3080,"GRN Processing",IF(ROUND(N(AF3080)/Assumptions!$C$12,3)=AJ3080,"GRN-to-Putaway Wait",IF(ROUND(N(AG3080)/Assumptions!$C$13,3)=AJ3080,"Putaway","Within SLA"))))))))))) -> QC-to-GRN Wait
A3081: RCPT-03080 | B3081: PO-26-57768 | C3081: Vendor 08 | D3081: Bhiwandi DC | E3081: SKU-02-768 | F3081: Dairy & Frozen | G3081: BHW-D2 | H3081: 46279.136 | I3081: 46279.149 | J3081: 46279.155 | K3081: 46279.175 | L3081: 46279.183 | M3081: 46279.203 | N3081: 46279.224 | O3081: 46279.302 | P3081: 46279.31 | Q3081: 46279.326 | R3081: 220 | S3081: 0 | T3081: 0 | U3081: Completed | V3081: Documentation Mismatch | W3081: =IF(AND(X3081>=6,X3081<14),"A",IF(AND(X3081>=14,X3081<22),"B","C")) -> C | X3081: =HOUR(H3081) -> 3 | Y3081: =ROUND((I3081-H3081)*1440,0) -> 19 | Z3081: =ROUND((J3081-I3081)*1440,0) -> 8 | AA3081: =ROUND((K3081-J3081)*1440,0) -> 29 | AB3081: =ROUND((L3081-K3081)*1440,0) -> 12 | AC3081: =ROUND((M3081-L3081)*1440,0) -> 29 | AD3081: =IF(N3081="","",ROUND((N3081-M3081)*1440,0)) -> 29 | AE3081: =IF(O3081="","",ROUND((O3081-N3081)*1440,0)) -> 113 | AF3081: =IF(P3081="","",ROUND((P3081-O3081)*1440,0)) -> 12 | AG3081: =IF(Q3081="","",ROUND((Q3081-P3081)*1440,0)) -> 23 | AH3081: =IF(Q3081="","",ROUND((Q3081-H3081)*1440,0)) -> 274 | AI3081: =ROUND(IF(O3081="",Assumptions!$B$25-K3081,O3081-K3081)*24,1) -> 3.1 | AJ3081: =ROUND(MAX(N(Y3081)/Assumptions!$C$5, N(Z3081)/Assumptions!$C$6, N(AA3081)/Assumptions!$C$7, N(AB3081)/Assumptions!$C$8, N(AC3081)/Assumptions!$C$9, N(AD3081)/Assumptions!$C$10, N(AE3081)/Assumptions!$C$11, N(AF3081)/Assumptions!$C$12, N(AG3081)/Assumptions!$C$13),3) -> 2.511 | AK3081: =IF(OR(U3081="Pending",U3081="On Hold"),"Open GRN (awaiting)",IF(AJ3081<=1,"Within SLA",IF(ROUND(N(Y3081)/Assumptions!$C$5,3)=AJ3081,"Gate Wait",IF(ROUND(N(Z3081)/Assumptions!$C$6,3)=AJ3081,"Dock Wait",IF(ROUND(N(AA3081)/Assumptions!$C$7,3)=AJ3081,"Unloading",IF(ROUND(N(AB3081)/Assumptions!$C$8,3)=AJ3081,"Unload-to-QC Wait",IF(ROUND(N(AC3081)/Assumptions!$C$9,3)=AJ3081,"QC",IF(ROUND(N(AD3081)/Assumptions!$C$10,3)=AJ3081,"QC-to-GRN Wait",IF(ROUND(N(AE3081)/Assumptions!$C$11,3)=AJ3081,"GRN Processing",IF(ROUND(N(AF3081)/Assumptions!$C$12,3)=AJ3081,"GRN-to-Putaway Wait",IF(ROUND(N(AG3081)/Assumptions!$C$13,3)=AJ3081,"Putaway","Within SLA"))))))))))) -> GRN Processing
A3082: RCPT-03081 | B3082: PO-26-62780 | C3082: Vendor 11 | D3082: Bhiwandi DC | E3082: SKU-01-889 | F3082: Beverages | G3082: BHW-D2 | H3082: 46279.14 | I3082: 46279.153 | J3082: 46279.158 | K3082: 46279.174 | L3082: 46279.19 | M3082: 46279.21 | N3082: 46279.278 | O3082: 46279.361 | P3082: 46279.369 | Q3082: 46279.379 | R3082: 327 | S3082: 0 | T3082: 0 | U3082: Completed | V3082: Manpower | W3082: =IF(AND(X3082>=6,X3082<14),"A",IF(AND(X3082>=14,X3082<22),"B","C")) -> C | X3082: =HOUR(H3082) -> 3 | Y3082: =ROUND((I3082-H3082)*1440,0) -> 19 | Z3082: =ROUND((J3082-I3082)*1440,0) -> 8 | AA3082: =ROUND((K3082-J3082)*1440,0) -> 22 | AB3082: =ROUND((L3082-K3082)*1440,0) -> 23 | AC3082: =ROUND((M3082-L3082)*1440,0) -> 29 | AD3082: =IF(N3082="","",ROUND((N3082-M3082)*1440,0)) -> 99 | AE3082: =IF(O3082="","",ROUND((O3082-N3082)*1440,0)) -> 119 | AF3082: =IF(P3082="","",ROUND((P3082-O3082)*1440,0)) -> 11 | AG3082: =IF(Q3082="","",ROUND((Q3082-P3082)*1440,0)) -> 15 | AH3082: =IF(Q3082="","",ROUND((Q3082-H3082)*1440,0)) -> 345 | AI3082: =ROUND(IF(O3082="",Assumptions!$B$25-K3082,O3082-K3082)*24,1) -> 4.5 | AJ3082: =ROUND(MAX(N(Y3082)/Assumptions!$C$5, N(Z3082)/Assumptions!$C$6, N(AA3082)/Assumptions!$C$7, N(AB3082)/Assumptions!$C$8, N(AC3082)/Assumptions!$C$9, N(AD3082)/Assumptions!$C$10, N(AE3082)/Assumptions!$C$11, N(AF3082)/Assumptions!$C$12, N(AG3082)/Assumptions!$C$13),3) -> 3.3 | AK3082: =IF(OR(U3082="Pending",U3082="On Hold"),"Open GRN (awaiting)",IF(AJ3082<=1,"Within SLA",IF(ROUND(N(Y3082)/Assumptions!$C$5,3)=AJ3082,"Gate Wait",IF(ROUND(N(Z3082)/Assumptions!$C$6,3)=AJ3082,"Dock Wait",IF(ROUND(N(AA3082)/Assumptions!$C$7,3)=AJ3082,"Unloading",IF(ROUND(N(AB3082)/Assumptions!$C$8,3)=AJ3082,"Unload-to-QC Wait",IF(ROUND(N(AC3082)/Assumptions!$C$9,3)=AJ3082,"QC",IF(ROUND(N(AD3082)/Assumptions!$C$10,3)=AJ3082,"QC-to-GRN Wait",IF(ROUND(N(AE3082)/Assumptions!$C$11,3)=AJ3082,"GRN Processing",IF(ROUND(N(AF3082)/Assumptions!$C$12,3)=AJ3082,"GRN-to-Putaway Wait",IF(ROUND(N(AG3082)/Assumptions!$C$13,3)=AJ3082,"Putaway","Within SLA"))))))))))) -> QC-to-GRN Wait
A3083: RCPT-03082 | B3083: PO-26-79988 | C3083: Vendor 08 | D3083: Pimplas DC | E3083: SKU-02-241 | F3083: Dairy & Frozen | G3083: PMP-D1 | H3083: 46279.156 | I3083: 46279.162 | J3083: 46279.165 | K3083: 46279.176 | L3083: 46279.183 | M3083: 46279.202 | N3083: 46279.222 | O3083: 46279.294 | P3083: 46279.309 | Q3083: 46279.315 | R3083: 58 | S3083: 0 | T3083: 0 | U3083: Completed | V3083: Manpower | W3083: =IF(AND(X3083>=6,X3083<14),"A",IF(AND(X3083>=14,X3083<22),"B","C")) -> C | X3083: =HOUR(H3083) -> 3 | Y3083: =ROUND((I3083-H3083)*1440,0) -> 9 | Z3083: =ROUND((J3083-I3083)*1440,0) -> 3 | AA3083: =ROUND((K3083-J3083)*1440,0) -> 17 | AB3083: =ROUND((L3083-K3083)*1440,0) -> 10 | AC3083: =ROUND((M3083-L3083)*1440,0) -> 27 | AD3083: =IF(N3083="","",ROUND((N3083-M3083)*1440,0)) -> 29 | AE3083: =IF(O3083="","",ROUND((O3083-N3083)*1440,0)) -> 103 | AF3083: =IF(P3083="","",ROUND((P3083-O3083)*1440,0)) -> 22 | AG3083: =IF(Q3083="","",ROUND((Q3083-P3083)*1440,0)) -> 8 | AH3083: =IF(Q3083="","",ROUND((Q3083-H3083)*1440,0)) -> 228 | AI3083: =ROUND(IF(O3083="",Assumptions!$B$25-K3083,O3083-K3083)*24,1) -> 2.8 | AJ3083: =ROUND(MAX(N(Y3083)/Assumptions!$C$5, N(Z3083)/Assumptions!$C$6, N(AA3083)/Assumptions!$C$7, N(AB3083)/Assumptions!$C$8, N(AC3083)/Assumptions!$C$9, N(AD3083)/Assumptions!$C$10, N(AE3083)/Assumptions!$C$11, N(AF3083)/Assumptions!$C$12, N(AG3083)/Assumptions!$C$13),3) -> 2.289 | AK3083: =IF(OR(U3083="Pending",U3083="On Hold"),"Open GRN (awaiting)",IF(AJ3083<=1,"Within SLA",IF(ROUND(N(Y3083)/Assumptions!$C$5,3)=AJ3083,"Gate Wait",IF(ROUND(N(Z3083)/Assumptions!$C$6,3)=AJ3083,"Dock Wait",IF(ROUND(N(AA3083)/Assumptions!$C$7,3)=AJ3083,"Unloading",IF(ROUND(N(AB3083)/Assumptions!$C$8,3)=AJ3083,"Unload-to-QC Wait",IF(ROUND(N(AC3083)/Assumptions!$C$9,3)=AJ3083,"QC",IF(ROUND(N(AD3083)/Assumptions!$C$10,3)=AJ3083,"QC-to-GRN Wait",IF(ROUND(N(AE3083)/Assumptions!$C$11,3)=AJ3083,"GRN Processing",IF(ROUND(N(AF3083)/Assumptions!$C$12,3)=AJ3083,"GRN-to-Putaway Wait",IF(ROUND(N(AG3083)/Assumptions!$C$13,3)=AJ3083,"Putaway","Within SLA"))))))))))) -> GRN Processing
A3084: RCPT-03083 | B3084: PO-26-83738 | C3084: Vendor 09 | D3084: Kalyan DC | E3084: SKU-05-773 | F3084: Personal Care | G3084: KLN-D1 | H3084: 46279.218 | I3084: 46279.235 | J3084: 46279.24 | K3084: 46279.26 | L3084: 46279.264 | M3084: 46279.283 | R3084: 240 | S3084: 0 | T3084: 0 | U3084: On Hold | V3084: Documentation Mismatch | W3084: =IF(AND(X3084>=6,X3084<14),"A",IF(AND(X3084>=14,X3084<22),"B","C")) -> C | X3084: =HOUR(H3084) -> 5 | Y3084: =ROUND((I3084-H3084)*1440,0) -> 24 | Z3084: =ROUND((J3084-I3084)*1440,0) -> 8 | AA3084: =ROUND((K3084-J3084)*1440,0) -> 29 | AB3084: =ROUND((L3084-K3084)*1440,0) -> 5 | AC3084: =ROUND((M3084-L3084)*1440,0) -> 27 | AD3084: =IF(N3084="","",ROUND((N3084-M3084)*1440,0)) | AE3084: =IF(O3084="","",ROUND((O3084-N3084)*1440,0)) | AF3084: =IF(P3084="","",ROUND((P3084-O3084)*1440,0)) | AG3084: =IF(Q3084="","",ROUND((Q3084-P3084)*1440,0)) | AH3084: =IF(Q3084="","",ROUND((Q3084-H3084)*1440,0)) | AI3084: =ROUND(IF(O3084="",Assumptions!$B$25-K3084,O3084-K3084)*24,1) -> 433.8 | AJ3084: =ROUND(MAX(N(Y3084)/Assumptions!$C$5, N(Z3084)/Assumptions!$C$6, N(AA3084)/Assumptions!$C$7, N(AB3084)/Assumptions!$C$8, N(AC3084)/Assumptions!$C$9, N(AD3084)/Assumptions!$C$10, N(AE3084)/Assumptions!$C$11, N(AF3084)/Assumptions!$C$12, N(AG3084)/Assumptions!$C$13),3) -> 0.8 | AK3084: =IF(OR(U3084="Pending",U3084="On Hold"),"Open GRN (awaiting)",IF(AJ3084<=1,"Within SLA",IF(ROUND(N(Y3084)/Assumptions!$C$5,3)=AJ3084,"Gate Wait",IF(ROUND(N(Z3084)/Assumptions!$C$6,3)=AJ3084,"Dock Wait",IF(ROUND(N(AA3084)/Assumptions!$C$7,3)=AJ3084,"Unloading",IF(ROUND(N(AB3084)/Assumptions!$C$8,3)=AJ3084,"Unload-to-QC Wait",IF(ROUND(N(AC3084)/Assumptions!$C$9,3)=AJ3084,"QC",IF(ROUND(N(AD3084)/Assumptions!$C$10,3)=AJ3084,"QC-to-GRN Wait",IF(ROUND(N(AE3084)/Assumptions!$C$11,3)=AJ3084,"GRN Processing",IF(ROUND(N(AF3084)/Assumptions!$C$12,3)=AJ3084,"GRN-to-Putaway Wait",IF(ROUND(N(AG3084)/Assumptions!$C$13,3)=AJ3084,"Putaway","Within SLA"))))))))))) -> Open GRN (awaiting)
A3085: RCPT-03084 | B3085: PO-26-86502 | C3085: Vendor 05 | D3085: Pimplas DC | E3085: SKU-04-523 | F3085: Packaging | G3085: PMP-D1 | H3085: 46279.265 | I3085: 46279.271 | J3085: 46279.276 | K3085: 46279.306 | L3085: 46279.315 | M3085: 46279.333 | N3085: 46279.36 | O3085: 46279.382 | P3085: 46279.39 | Q3085: 46279.397 | R3085: 850 | S3085: 0 | T3085: 0 | U3085: Completed | V3085: Documentation Mismatch | W3085: =IF(AND(X3085>=6,X3085<14),"A",IF(AND(X3085>=14,X3085<22),"B","C")) -> A | X3085: =HOUR(H3085) -> 6 | Y3085: =ROUND((I3085-H3085)*1440,0) -> 9 | Z3085: =ROUND((J3085-I3085)*1440,0) -> 7 | AA3085: =ROUND((K3085-J3085)*1440,0) -> 43 | AB3085: =ROUND((L3085-K3085)*1440,0) -> 13 | AC3085: =ROUND((M3085-L3085)*1440,0) -> 27 | AD3085: =IF(N3085="","",ROUND((N3085-M3085)*1440,0)) -> 39 | AE3085: =IF(O3085="","",ROUND((O3085-N3085)*1440,0)) -> 31 | AF3085: =IF(P3085="","",ROUND((P3085-O3085)*1440,0)) -> 12 | AG3085: =IF(Q3085="","",ROUND((Q3085-P3085)*1440,0)) -> 9 | AH3085: =IF(Q3085="","",ROUND((Q3085-H3085)*1440,0)) -> 190 | AI3085: =ROUND(IF(O3085="",Assumptions!$B$25-K3085,O3085-K3085)*24,1) -> 1.8 | AJ3085: =ROUND(MAX(N(Y3085)/Assumptions!$C$5, N(Z3085)/Assumptions!$C$6, N(AA3085)/Assumptions!$C$7, N(AB3085)/Assumptions!$C$8, N(AC3085)/Assumptions!$C$9, N(AD3085)/Assumptions!$C$10, N(AE3085)/Assumptions!$C$11, N(AF3085)/Assumptions!$C$12, N(AG3085)/Assumptions!$C$13),3) -> 1.3 | AK3085: =IF(OR(U3085="Pending",U3085="On Hold"),"Open GRN (awaiting)",IF(AJ3085<=1,"Within SLA",IF(ROUND(N(Y3085)/Assumptions!$C$5,3)=AJ3085,"Gate Wait",IF(ROUND(N(Z3085)/Assumptions!$C$6,3)=AJ3085,"Dock Wait",IF(ROUND(N(AA3085)/Assumptions!$C$7,3)=AJ3085,"Unloading",IF(ROUND(N(AB3085)/Assumptions!$C$8,3)=AJ3085,"Unload-to-QC Wait",IF(ROUND(N(AC3085)/Assumptions!$C$9,3)=AJ3085,"QC",IF(ROUND(N(AD3085)/Assumptions!$C$10,3)=AJ3085,"QC-to-GRN Wait",IF(ROUND(N(AE3085)/Assumptions!$C$11,3)=AJ3085,"GRN Processing",IF(ROUND(N(AF3085)/Assumptions!$C$12,3)=AJ3085,"GRN-to-Putaway Wait",IF(ROUND(N(AG3085)/Assumptions!$C$13,3)=AJ3085,"Putaway","Within SLA"))))))))))) -> QC-to-GRN Wait
A3086: RCPT-03085 | B3086: PO-26-73850 | C3086: Vendor 03 | D3086: Bhiwandi DC | E3086: SKU-01-952 | F3086: Beverages | G3086: BHW-D2 | H3086: 46279.325 | I3086: 46279.345 | J3086: 46279.353 | K3086: 46279.383 | L3086: 46279.412 | M3086: 46279.435 | N3086: 46279.447 | O3086: 46279.478 | P3086: 46279.48 | Q3086: 46279.496 | R3086: 325 | S3086: 0 | T3086: 0 | U3086: Completed | V3086: Space / Equipment | W3086: =IF(AND(X3086>=6,X3086<14),"A",IF(AND(X3086>=14,X3086<22),"B","C")) -> A | X3086: =HOUR(H3086) -> 7 | Y3086: =ROUND((I3086-H3086)*1440,0) -> 29 | Z3086: =ROUND((J3086-I3086)*1440,0) -> 11 | AA3086: =ROUND((K3086-J3086)*1440,0) -> 43 | AB3086: =ROUND((L3086-K3086)*1440,0) -> 42 | AC3086: =ROUND((M3086-L3086)*1440,0) -> 34 | AD3086: =IF(N3086="","",ROUND((N3086-M3086)*1440,0)) -> 17 | AE3086: =IF(O3086="","",ROUND((O3086-N3086)*1440,0)) -> 44 | AF3086: =IF(P3086="","",ROUND((P3086-O3086)*1440,0)) -> 3 | AG3086: =IF(Q3086="","",ROUND((Q3086-P3086)*1440,0)) -> 23 | AH3086: =IF(Q3086="","",ROUND((Q3086-H3086)*1440,0)) -> 246 | AI3086: =ROUND(IF(O3086="",Assumptions!$B$25-K3086,O3086-K3086)*24,1) -> 2.3 | AJ3086: =ROUND(MAX(N(Y3086)/Assumptions!$C$5, N(Z3086)/Assumptions!$C$6, N(AA3086)/Assumptions!$C$7, N(AB3086)/Assumptions!$C$8, N(AC3086)/Assumptions!$C$9, N(AD3086)/Assumptions!$C$10, N(AE3086)/Assumptions!$C$11, N(AF3086)/Assumptions!$C$12, N(AG3086)/Assumptions!$C$13),3) -> 2.8 | AK3086: =IF(OR(U3086="Pending",U3086="On Hold"),"Open GRN (awaiting)",IF(AJ3086<=1,"Within SLA",IF(ROUND(N(Y3086)/Assumptions!$C$5,3)=AJ3086,"Gate Wait",IF(ROUND(N(Z3086)/Assumptions!$C$6,3)=AJ3086,"Dock Wait",IF(ROUND(N(AA3086)/Assumptions!$C$7,3)=AJ3086,"Unloading",IF(ROUND(N(AB3086)/Assumptions!$C$8,3)=AJ3086,"Unload-to-QC Wait",IF(ROUND(N(AC3086)/Assumptions!$C$9,3)=AJ3086,"QC",IF(ROUND(N(AD3086)/Assumptions!$C$10,3)=AJ3086,"QC-to-GRN Wait",IF(ROUND(N(AE3086)/Assumptions!$C$11,3)=AJ3086,"GRN Processing",IF(ROUND(N(AF3086)/Assumptions!$C$12,3)=AJ3086,"GRN-to-Putaway Wait",IF(ROUND(N(AG3086)/Assumptions!$C$13,3)=AJ3086,"Putaway","Within SLA"))))))))))) -> Unload-to-QC Wait
A3087: RCPT-03086 | B3087: PO-26-57554 | C3087: Vendor 03 | D3087: Bhiwandi DC | E3087: SKU-01-920 | F3087: Beverages | G3087: BHW-D2 | H3087: 46279.353 | I3087: 46279.389 | J3087: 46279.396 | K3087: 46279.436 | L3087: 46279.442 | M3087: 46279.458 | N3087: 46279.46 | O3087: 46279.485 | P3087: 46279.497 | Q3087: 46279.515 | R3087: 2419 | S3087: 0 | T3087: 0 | U3087: Completed | V3087: Space / Equipment | W3087: =IF(AND(X3087>=6,X3087<14),"A",IF(AND(X3087>=14,X3087<22),"B","C")) -> A | X3087: =HOUR(H3087) -> 8 | Y3087: =ROUND((I3087-H3087)*1440,0) -> 52 | Z3087: =ROUND((J3087-I3087)*1440,0) -> 10 | AA3087: =ROUND((K3087-J3087)*1440,0) -> 58 | AB3087: =ROUND((L3087-K3087)*1440,0) -> 8 | AC3087: =ROUND((M3087-L3087)*1440,0) -> 23 | AD3087: =IF(N3087="","",ROUND((N3087-M3087)*1440,0)) -> 3 | AE3087: =IF(O3087="","",ROUND((O3087-N3087)*1440,0)) -> 36 | AF3087: =IF(P3087="","",ROUND((P3087-O3087)*1440,0)) -> 18 | AG3087: =IF(Q3087="","",ROUND((Q3087-P3087)*1440,0)) -> 25 | AH3087: =IF(Q3087="","",ROUND((Q3087-H3087)*1440,0)) -> 233 | AI3087: =ROUND(IF(O3087="",Assumptions!$B$25-K3087,O3087-K3087)*24,1) -> 1.2 | AJ3087: =ROUND(MAX(N(Y3087)/Assumptions!$C$5, N(Z3087)/Assumptions!$C$6, N(AA3087)/Assumptions!$C$7, N(AB3087)/Assumptions!$C$8, N(AC3087)/Assumptions!$C$9, N(AD3087)/Assumptions!$C$10, N(AE3087)/Assumptions!$C$11, N(AF3087)/Assumptions!$C$12, N(AG3087)/Assumptions!$C$13),3) -> 1.733 | AK3087: =IF(OR(U3087="Pending",U3087="On Hold"),"Open GRN (awaiting)",IF(AJ3087<=1,"Within SLA",IF(ROUND(N(Y3087)/Assumptions!$C$5,3)=AJ3087,"Gate Wait",IF(ROUND(N(Z3087)/Assumptions!$C$6,3)=AJ3087,"Dock Wait",IF(ROUND(N(AA3087)/Assumptions!$C$7,3)=AJ3087,"Unloading",IF(ROUND(N(AB3087)/Assumptions!$C$8,3)=AJ3087,"Unload-to-QC Wait",IF(ROUND(N(AC3087)/Assumptions!$C$9,3)=AJ3087,"QC",IF(ROUND(N(AD3087)/Assumptions!$C$10,3)=AJ3087,"QC-to-GRN Wait",IF(ROUND(N(AE3087)/Assumptions!$C$11,3)=AJ3087,"GRN Processing",IF(ROUND(N(AF3087)/Assumptions!$C$12,3)=AJ3087,"GRN-to-Putaway Wait",IF(ROUND(N(AG3087)/Assumptions!$C$13,3)=AJ3087,"Putaway","Within SLA"))))))))))) -> Gate Wait
A3088: RCPT-03087 | B3088: PO-26-66684 | C3088: Vendor 09 | D3088: Pimplas DC | E3088: SKU-05-557 | F3088: Personal Care | G3088: PMP-D2 | H3088: 46279.39 | I3088: 46279.449 | J3088: 46279.454 | K3088: 46279.486 | L3088: 46279.492 | M3088: 46279.522 | N3088: 46279.53 | O3088: 46279.555 | P3088: 46279.56 | Q3088: 46279.572 | R3088: 296 | S3088: 0 | T3088: 0 | U3088: Completed | V3088: Manpower | W3088: =IF(AND(X3088>=6,X3088<14),"A",IF(AND(X3088>=14,X3088<22),"B","C")) -> A | X3088: =HOUR(H3088) -> 9 | Y3088: =ROUND((I3088-H3088)*1440,0) -> 85 | Z3088: =ROUND((J3088-I3088)*1440,0) -> 8 | AA3088: =ROUND((K3088-J3088)*1440,0) -> 46 | AB3088: =ROUND((L3088-K3088)*1440,0) -> 9 | AC3088: =ROUND((M3088-L3088)*1440,0) -> 42 | AD3088: =IF(N3088="","",ROUND((N3088-M3088)*1440,0)) -> 12 | AE3088: =IF(O3088="","",ROUND((O3088-N3088)*1440,0)) -> 36 | AF3088: =IF(P3088="","",ROUND((P3088-O3088)*1440,0)) -> 8 | AG3088: =IF(Q3088="","",ROUND((Q3088-P3088)*1440,0)) -> 17 | AH3088: =IF(Q3088="","",ROUND((Q3088-H3088)*1440,0)) -> 263 | AI3088: =ROUND(IF(O3088="",Assumptions!$B$25-K3088,O3088-K3088)*24,1) -> 1.7 | AJ3088: =ROUND(MAX(N(Y3088)/Assumptions!$C$5, N(Z3088)/Assumptions!$C$6, N(AA3088)/Assumptions!$C$7, N(AB3088)/Assumptions!$C$8, N(AC3088)/Assumptions!$C$9, N(AD3088)/Assumptions!$C$10, N(AE3088)/Assumptions!$C$11, N(AF3088)/Assumptions!$C$12, N(AG3088)/Assumptions!$C$13),3) -> 2.833 | AK3088: =IF(OR(U3088="Pending",U3088="On Hold"),"Open GRN (awaiting)",IF(AJ3088<=1,"Within SLA",IF(ROUND(N(Y3088)/Assumptions!$C$5,3)=AJ3088,"Gate Wait",IF(ROUND(N(Z3088)/Assumptions!$C$6,3)=AJ3088,"Dock Wait",IF(ROUND(N(AA3088)/Assumptions!$C$7,3)=AJ3088,"Unloading",IF(ROUND(N(AB3088)/Assumptions!$C$8,3)=AJ3088,"Unload-to-QC Wait",IF(ROUND(N(AC3088)/Assumptions!$C$9,3)=AJ3088,"QC",IF(ROUND(N(AD3088)/Assumptions!$C$10,3)=AJ3088,"QC-to-GRN Wait",IF(ROUND(N(AE3088)/Assumptions!$C$11,3)=AJ3088,"GRN Processing",IF(ROUND(N(AF3088)/Assumptions!$C$12,3)=AJ3088,"GRN-to-Putaway Wait",IF(ROUND(N(AG3088)/Assumptions!$C$13,3)=AJ3088,"Putaway","Within SLA"))))))))))) -> Gate Wait
A3089: RCPT-03088 | B3089: PO-26-99793 | C3089: Vendor 05 | D3089: Kalyan DC | E3089: SKU-03-680 | F3089: Home Care | G3089: KLN-D2 | H3089: 46279.392 | I3089: 46279.409 | J3089: 46279.417 | K3089: 46279.437 | L3089: 46279.438 | M3089: 46279.462 | N3089: 46279.476 | O3089: 46279.491 | P3089: 46279.498 | Q3089: 46279.518 | R3089: 385 | S3089: 0 | T3089: 0 | U3089: Completed | V3089: None | W3089: =IF(AND(X3089>=6,X3089<14),"A",IF(AND(X3089>=14,X3089<22),"B","C")) -> A | X3089: =HOUR(H3089) -> 9 | Y3089: =ROUND((I3089-H3089)*1440,0) -> 24 | Z3089: =ROUND((J3089-I3089)*1440,0) -> 12 | AA3089: =ROUND((K3089-J3089)*1440,0) -> 28 | AB3089: =ROUND((L3089-K3089)*1440,0) -> 2 | AC3089: =ROUND((M3089-L3089)*1440,0) -> 34 | AD3089: =IF(N3089="","",ROUND((N3089-M3089)*1440,0)) -> 20 | AE3089: =IF(O3089="","",ROUND((O3089-N3089)*1440,0)) -> 22 | AF3089: =IF(P3089="","",ROUND((P3089-O3089)*1440,0)) -> 10 | AG3089: =IF(Q3089="","",ROUND((Q3089-P3089)*1440,0)) -> 29 | AH3089: =IF(Q3089="","",ROUND((Q3089-H3089)*1440,0)) -> 181 | AI3089: =ROUND(IF(O3089="",Assumptions!$B$25-K3089,O3089-K3089)*24,1) -> 1.3 | AJ3089: =ROUND(MAX(N(Y3089)/Assumptions!$C$5, N(Z3089)/Assumptions!$C$6, N(AA3089)/Assumptions!$C$7, N(AB3089)/Assumptions!$C$8, N(AC3089)/Assumptions!$C$9, N(AD3089)/Assumptions!$C$10, N(AE3089)/Assumptions!$C$11, N(AF3089)/Assumptions!$C$12, N(AG3089)/Assumptions!$C$13),3) -> 0.8 | AK3089: =IF(OR(U3089="Pending",U3089="On Hold"),"Open GRN (awaiting)",IF(AJ3089<=1,"Within SLA",IF(ROUND(N(Y3089)/Assumptions!$C$5,3)=AJ3089,"Gate Wait",IF(ROUND(N(Z3089)/Assumptions!$C$6,3)=AJ3089,"Dock Wait",IF(ROUND(N(AA3089)/Assumptions!$C$7,3)=AJ3089,"Unloading",IF(ROUND(N(AB3089)/Assumptions!$C$8,3)=AJ3089,"Unload-to-QC Wait",IF(ROUND(N(AC3089)/Assumptions!$C$9,3)=AJ3089,"QC",IF(ROUND(N(AD3089)/Assumptions!$C$10,3)=AJ3089,"QC-to-GRN Wait",IF(ROUND(N(AE3089)/Assumptions!$C$11,3)=AJ3089,"GRN Processing",IF(ROUND(N(AF3089)/Assumptions!$C$12,3)=AJ3089,"GRN-to-Putaway Wait",IF(ROUND(N(AG3089)/Assumptions!$C$13,3)=AJ3089,"Putaway","Within SLA"))))))))))) -> Within SLA
A3090: RCPT-03089 | B3090: PO-26-83155 | C3090: Vendor 12 | D3090: Bhiwandi DC | E3090: SKU-04-744 | F3090: Packaging | G3090: BHW-D2 | H3090: 46279.406 | I3090: 46279.426 | J3090: 46279.428 | K3090: 46279.451 | L3090: 46279.473 | M3090: 46279.486 | N3090: 46279.505 | O3090: 46279.535 | P3090: 46279.558 | Q3090: 46279.569 | R3090: 204 | S3090: 0 | T3090: 0 | U3090: Completed | V3090: Manpower | W3090: =IF(AND(X3090>=6,X3090<14),"A",IF(AND(X3090>=14,X3090<22),"B","C")) -> A | X3090: =HOUR(H3090) -> 9 | Y3090: =ROUND((I3090-H3090)*1440,0) -> 29 | Z3090: =ROUND((J3090-I3090)*1440,0) -> 4 | AA3090: =ROUND((K3090-J3090)*1440,0) -> 32 | AB3090: =ROUND((L3090-K3090)*1440,0) -> 32 | AC3090: =ROUND((M3090-L3090)*1440,0) -> 19 | AD3090: =IF(N3090="","",ROUND((N3090-M3090)*1440,0)) -> 27 | AE3090: =IF(O3090="","",ROUND((O3090-N3090)*1440,0)) -> 43 | AF3090: =IF(P3090="","",ROUND((P3090-O3090)*1440,0)) -> 33 | AG3090: =IF(Q3090="","",ROUND((Q3090-P3090)*1440,0)) -> 17 | AH3090: =IF(Q3090="","",ROUND((Q3090-H3090)*1440,0)) -> 236 | AI3090: =ROUND(IF(O3090="",Assumptions!$B$25-K3090,O3090-K3090)*24,1) -> 2 | AJ3090: =ROUND(MAX(N(Y3090)/Assumptions!$C$5, N(Z3090)/Assumptions!$C$6, N(AA3090)/Assumptions!$C$7, N(AB3090)/Assumptions!$C$8, N(AC3090)/Assumptions!$C$9, N(AD3090)/Assumptions!$C$10, N(AE3090)/Assumptions!$C$11, N(AF3090)/Assumptions!$C$12, N(AG3090)/Assumptions!$C$13),3) -> 2.133 | AK3090: =IF(OR(U3090="Pending",U3090="On Hold"),"Open GRN (awaiting)",IF(AJ3090<=1,"Within SLA",IF(ROUND(N(Y3090)/Assumptions!$C$5,3)=AJ3090,"Gate Wait",IF(ROUND(N(Z3090)/Assumptions!$C$6,3)=AJ3090,"Dock Wait",IF(ROUND(N(AA3090)/Assumptions!$C$7,3)=AJ3090,"Unloading",IF(ROUND(N(AB3090)/Assumptions!$C$8,3)=AJ3090,"Unload-to-QC Wait",IF(ROUND(N(AC3090)/Assumptions!$C$9,3)=AJ3090,"QC",IF(ROUND(N(AD3090)/Assumptions!$C$10,3)=AJ3090,"QC-to-GRN Wait",IF(ROUND(N(AE3090)/Assumptions!$C$11,3)=AJ3090,"GRN Processing",IF(ROUND(N(AF3090)/Assumptions!$C$12,3)=AJ3090,"GRN-to-Putaway Wait",IF(ROUND(N(AG3090)/Assumptions!$C$13,3)=AJ3090,"Putaway","Within SLA"))))))))))) -> Unload-to-QC Wait
A3091: RCPT-03090 | B3091: PO-26-16273 | C3091: Vendor 07 | D3091: Kalyan DC | E3091: SKU-06-357 | F3091: Snacks | G3091: KLN-D2 | H3091: 46279.406 | I3091: 46279.44 | J3091: 46279.444 | K3091: 46279.457 | L3091: 46279.469 | M3091: 46279.483 | N3091: 46279.496 | O3091: 46279.526 | P3091: 46279.551 | Q3091: 46279.569 | R3091: 64 | S3091: 0 | T3091: 0 | U3091: Completed | V3091: Manpower | W3091: =IF(AND(X3091>=6,X3091<14),"A",IF(AND(X3091>=14,X3091<22),"B","C")) -> A | X3091: =HOUR(H3091) -> 9 | Y3091: =ROUND((I3091-H3091)*1440,0) -> 49 | Z3091: =ROUND((J3091-I3091)*1440,0) -> 6 | AA3091: =ROUND((K3091-J3091)*1440,0) -> 18 | AB3091: =ROUND((L3091-K3091)*1440,0) -> 17 | AC3091: =ROUND((M3091-L3091)*1440,0) -> 20 | AD3091: =IF(N3091="","",ROUND((N3091-M3091)*1440,0)) -> 19 | AE3091: =IF(O3091="","",ROUND((O3091-N3091)*1440,0)) -> 44 | AF3091: =IF(P3091="","",ROUND((P3091-O3091)*1440,0)) -> 36 | AG3091: =IF(Q3091="","",ROUND((Q3091-P3091)*1440,0)) -> 25 | AH3091: =IF(Q3091="","",ROUND((Q3091-H3091)*1440,0)) -> 234 | AI3091: =ROUND(IF(O3091="",Assumptions!$B$25-K3091,O3091-K3091)*24,1) -> 1.7 | AJ3091: =ROUND(MAX(N(Y3091)/Assumptions!$C$5, N(Z3091)/Assumptions!$C$6, N(AA3091)/Assumptions!$C$7, N(AB3091)/Assumptions!$C$8, N(AC3091)/Assumptions!$C$9, N(AD3091)/Assumptions!$C$10, N(AE3091)/Assumptions!$C$11, N(AF3091)/Assumptions!$C$12, N(AG3091)/Assumptions!$C$13),3) -> 1.8 | AK3091: =IF(OR(U3091="Pending",U3091="On Hold"),"Open GRN (awaiting)",IF(AJ3091<=1,"Within SLA",IF(ROUND(N(Y3091)/Assumptions!$C$5,3)=AJ3091,"Gate Wait",IF(ROUND(N(Z3091)/Assumptions!$C$6,3)=AJ3091,"Dock Wait",IF(ROUND(N(AA3091)/Assumptions!$C$7,3)=AJ3091,"Unloading",IF(ROUND(N(AB3091)/Assumptions!$C$8,3)=AJ3091,"Unload-to-QC Wait",IF(ROUND(N(AC3091)/Assumptions!$C$9,3)=AJ3091,"QC",IF(ROUND(N(AD3091)/Assumptions!$C$10,3)=AJ3091,"QC-to-GRN Wait",IF(ROUND(N(AE3091)/Assumptions!$C$11,3)=AJ3091,"GRN Processing",IF(ROUND(N(AF3091)/Assumptions!$C$12,3)=AJ3091,"GRN-to-Putaway Wait",IF(ROUND(N(AG3091)/Assumptions!$C$13,3)=AJ3091,"Putaway","Within SLA"))))))))))) -> GRN-to-Putaway Wait
A3092: RCPT-03091 | B3092: PO-26-87910 | C3092: Vendor 09 | D3092: Bhiwandi DC | E3092: SKU-05-417 | F3092: Personal Care | G3092: BHW-D1 | H3092: 46279.407 | I3092: 46279.428 | J3092: 46279.431 | K3092: 46279.458 | L3092: 46279.461 | M3092: 46279.515 | N3092: 46279.537 | O3092: 46279.549 | P3092: 46279.569 | Q3092: 46279.585 | R3092: 1369 | S3092: 0 | T3092: 0 | U3092: Completed | V3092: Manpower | W3092: =IF(AND(X3092>=6,X3092<14),"A",IF(AND(X3092>=14,X3092<22),"B","C")) -> A | X3092: =HOUR(H3092) -> 9 | Y3092: =ROUND((I3092-H3092)*1440,0) -> 30 | Z3092: =ROUND((J3092-I3092)*1440,0) -> 5 | AA3092: =ROUND((K3092-J3092)*1440,0) -> 38 | AB3092: =ROUND((L3092-K3092)*1440,0) -> 5 | AC3092: =ROUND((M3092-L3092)*1440,0) -> 78 | AD3092: =IF(N3092="","",ROUND((N3092-M3092)*1440,0)) -> 32 | AE3092: =IF(O3092="","",ROUND((O3092-N3092)*1440,0)) -> 16 | AF3092: =IF(P3092="","",ROUND((P3092-O3092)*1440,0)) -> 29 | AG3092: =IF(Q3092="","",ROUND((Q3092-P3092)*1440,0)) -> 24 | AH3092: =IF(Q3092="","",ROUND((Q3092-H3092)*1440,0)) -> 257 | AI3092: =ROUND(IF(O3092="",Assumptions!$B$25-K3092,O3092-K3092)*24,1) -> 2.2 | AJ3092: =ROUND(MAX(N(Y3092)/Assumptions!$C$5, N(Z3092)/Assumptions!$C$6, N(AA3092)/Assumptions!$C$7, N(AB3092)/Assumptions!$C$8, N(AC3092)/Assumptions!$C$9, N(AD3092)/Assumptions!$C$10, N(AE3092)/Assumptions!$C$11, N(AF3092)/Assumptions!$C$12, N(AG3092)/Assumptions!$C$13),3) -> 1.733 | AK3092: =IF(OR(U3092="Pending",U3092="On Hold"),"Open GRN (awaiting)",IF(AJ3092<=1,"Within SLA",IF(ROUND(N(Y3092)/Assumptions!$C$5,3)=AJ3092,"Gate Wait",IF(ROUND(N(Z3092)/Assumptions!$C$6,3)=AJ3092,"Dock Wait",IF(ROUND(N(AA3092)/Assumptions!$C$7,3)=AJ3092,"Unloading",IF(ROUND(N(AB3092)/Assumptions!$C$8,3)=AJ3092,"Unload-to-QC Wait",IF(ROUND(N(AC3092)/Assumptions!$C$9,3)=AJ3092,"QC",IF(ROUND(N(AD3092)/Assumptions!$C$10,3)=AJ3092,"QC-to-GRN Wait",IF(ROUND(N(AE3092)/Assumptions!$C$11,3)=AJ3092,"GRN Processing",IF(ROUND(N(AF3092)/Assumptions!$C$12,3)=AJ3092,"GRN-to-Putaway Wait",IF(ROUND(N(AG3092)/Assumptions!$C$13,3)=AJ3092,"Putaway","Within SLA"))))))))))) -> QC
A3093: RCPT-03092 | B3093: PO-26-39489 | C3093: Vendor 10 | D3093: Pimplas DC | E3093: SKU-03-732 | F3093: Home Care | G3093: PMP-D1 | H3093: 46279.408 | I3093: 46279.41 | J3093: 46279.419 | K3093: 46279.438 | L3093: 46279.451 | M3093: 46279.499 | N3093: 46279.523 | O3093: 46279.572 | P3093: 46279.583 | Q3093: 46279.606 | R3093: 464 | S3093: 0 | T3093: 0 | U3093: Completed | V3093: Documentation Mismatch | W3093: =IF(AND(X3093>=6,X3093<14),"A",IF(AND(X3093>=14,X3093<22),"B","C")) -> A | X3093: =HOUR(H3093) -> 9 | Y3093: =ROUND((I3093-H3093)*1440,0) -> 3 | Z3093: =ROUND((J3093-I3093)*1440,0) -> 12 | AA3093: =ROUND((K3093-J3093)*1440,0) -> 28 | AB3093: =ROUND((L3093-K3093)*1440,0) -> 18 | AC3093: =ROUND((M3093-L3093)*1440,0) -> 70 | AD3093: =IF(N3093="","",ROUND((N3093-M3093)*1440,0)) -> 34 | AE3093: =IF(O3093="","",ROUND((O3093-N3093)*1440,0)) -> 71 | AF3093: =IF(P3093="","",ROUND((P3093-O3093)*1440,0)) -> 16 | AG3093: =IF(Q3093="","",ROUND((Q3093-P3093)*1440,0)) -> 32 | AH3093: =IF(Q3093="","",ROUND((Q3093-H3093)*1440,0)) -> 284 | AI3093: =ROUND(IF(O3093="",Assumptions!$B$25-K3093,O3093-K3093)*24,1) -> 3.2 | AJ3093: =ROUND(MAX(N(Y3093)/Assumptions!$C$5, N(Z3093)/Assumptions!$C$6, N(AA3093)/Assumptions!$C$7, N(AB3093)/Assumptions!$C$8, N(AC3093)/Assumptions!$C$9, N(AD3093)/Assumptions!$C$10, N(AE3093)/Assumptions!$C$11, N(AF3093)/Assumptions!$C$12, N(AG3093)/Assumptions!$C$13),3) -> 1.578 | AK3093: =IF(OR(U3093="Pending",U3093="On Hold"),"Open GRN (awaiting)",IF(AJ3093<=1,"Within SLA",IF(ROUND(N(Y3093)/Assumptions!$C$5,3)=AJ3093,"Gate Wait",IF(ROUND(N(Z3093)/Assumptions!$C$6,3)=AJ3093,"Dock Wait",IF(ROUND(N(AA3093)/Assumptions!$C$7,3)=AJ3093,"Unloading",IF(ROUND(N(AB3093)/Assumptions!$C$8,3)=AJ3093,"Unload-to-QC Wait",IF(ROUND(N(AC3093)/Assumptions!$C$9,3)=AJ3093,"QC",IF(ROUND(N(AD3093)/Assumptions!$C$10,3)=AJ3093,"QC-to-GRN Wait",IF(ROUND(N(AE3093)/Assumptions!$C$11,3)=AJ3093,"GRN Processing",IF(ROUND(N(AF3093)/Assumptions!$C$12,3)=AJ3093,"GRN-to-Putaway Wait",IF(ROUND(N(AG3093)/Assumptions!$C$13,3)=AJ3093,"Putaway","Within SLA"))))))))))) -> GRN Processing
A3094: RCPT-03093 | B3094: PO-26-40486 | C3094: Vendor 03 | D3094: Pimplas DC | E3094: SKU-03-444 | F3094: Home Care | G3094: PMP-D1 | H3094: 46279.424 | I3094: 46279.476 | J3094: 46279.48 | K3094: 46279.515 | L3094: 46279.525 | M3094: 46279.535 | N3094: 46279.567 | O3094: 46279.621 | P3094: 46279.635 | Q3094: 46279.65 | R3094: 1188 | S3094: 0 | T3094: 0 | U3094: Completed | V3094: Space / Equipment | W3094: =IF(AND(X3094>=6,X3094<14),"A",IF(AND(X3094>=14,X3094<22),"B","C")) -> A | X3094: =HOUR(H3094) -> 10 | Y3094: =ROUND((I3094-H3094)*1440,0) -> 75 | Z3094: =ROUND((J3094-I3094)*1440,0) -> 6 | AA3094: =ROUND((K3094-J3094)*1440,0) -> 50 | AB3094: =ROUND((L3094-K3094)*1440,0) -> 15 | AC3094: =ROUND((M3094-L3094)*1440,0) -> 15 | AD3094: =IF(N3094="","",ROUND((N3094-M3094)*1440,0)) -> 46 | AE3094: =IF(O3094="","",ROUND((O3094-N3094)*1440,0)) -> 77 | AF3094: =IF(P3094="","",ROUND((P3094-O3094)*1440,0)) -> 20 | AG3094: =IF(Q3094="","",ROUND((Q3094-P3094)*1440,0)) -> 22 | AH3094: =IF(Q3094="","",ROUND((Q3094-H3094)*1440,0)) -> 326 | AI3094: =ROUND(IF(O3094="",Assumptions!$B$25-K3094,O3094-K3094)*24,1) -> 2.6 | AJ3094: =ROUND(MAX(N(Y3094)/Assumptions!$C$5, N(Z3094)/Assumptions!$C$6, N(AA3094)/Assumptions!$C$7, N(AB3094)/Assumptions!$C$8, N(AC3094)/Assumptions!$C$9, N(AD3094)/Assumptions!$C$10, N(AE3094)/Assumptions!$C$11, N(AF3094)/Assumptions!$C$12, N(AG3094)/Assumptions!$C$13),3) -> 2.5 | AK3094: =IF(OR(U3094="Pending",U3094="On Hold"),"Open GRN (awaiting)",IF(AJ3094<=1,"Within SLA",IF(ROUND(N(Y3094)/Assumptions!$C$5,3)=AJ3094,"Gate Wait",IF(ROUND(N(Z3094)/Assumptions!$C$6,3)=AJ3094,"Dock Wait",IF(ROUND(N(AA3094)/Assumptions!$C$7,3)=AJ3094,"Unloading",IF(ROUND(N(AB3094)/Assumptions!$C$8,3)=AJ3094,"Unload-to-QC Wait",IF(ROUND(N(AC3094)/Assumptions!$C$9,3)=AJ3094,"QC",IF(ROUND(N(AD3094)/Assumptions!$C$10,3)=AJ3094,"QC-to-GRN Wait",IF(ROUND(N(AE3094)/Assumptions!$C$11,3)=AJ3094,"GRN Processing",IF(ROUND(N(AF3094)/Assumptions!$C$12,3)=AJ3094,"GRN-to-Putaway Wait",IF(ROUND(N(AG3094)/Assumptions!$C$13,3)=AJ3094,"Putaway","Within SLA"))))))))))) -> Gate Wait
A3095: RCPT-03094 | B3095: PO-26-49449 | C3095: Vendor 06 | D3095: Kalyan DC | E3095: SKU-03-202 | F3095: Home Care | G3095: KLN-D2 | H3095: 46279.433 | I3095: 46279.457 | J3095: 46279.46 | K3095: 46279.481 | L3095: 46279.485 | M3095: 46279.634 | N3095: 46279.803 | O3095: 46279.931 | P3095: 46279.948 | Q3095: 46279.961 | R3095: 213 | S3095: 4 | T3095: 0 | U3095: Completed - Discrepancy | V3095: Vendor | W3095: =IF(AND(X3095>=6,X3095<14),"A",IF(AND(X3095>=14,X3095<22),"B","C")) -> A | X3095: =HOUR(H3095) -> 10 | Y3095: =ROUND((I3095-H3095)*1440,0) -> 34 | Z3095: =ROUND((J3095-I3095)*1440,0) -> 5 | AA3095: =ROUND((K3095-J3095)*1440,0) -> 29 | AB3095: =ROUND((L3095-K3095)*1440,0) -> 6 | AC3095: =ROUND((M3095-L3095)*1440,0) -> 215 | AD3095: =IF(N3095="","",ROUND((N3095-M3095)*1440,0)) -> 243 | AE3095: =IF(O3095="","",ROUND((O3095-N3095)*1440,0)) -> 184 | AF3095: =IF(P3095="","",ROUND((P3095-O3095)*1440,0)) -> 25 | AG3095: =IF(Q3095="","",ROUND((Q3095-P3095)*1440,0)) -> 19 | AH3095: =IF(Q3095="","",ROUND((Q3095-H3095)*1440,0)) -> 760 | AI3095: =ROUND(IF(O3095="",Assumptions!$B$25-K3095,O3095-K3095)*24,1) -> 10.8 | AJ3095: =ROUND(MAX(N(Y3095)/Assumptions!$C$5, N(Z3095)/Assumptions!$C$6, N(AA3095)/Assumptions!$C$7, N(AB3095)/Assumptions!$C$8, N(AC3095)/Assumptions!$C$9, N(AD3095)/Assumptions!$C$10, N(AE3095)/Assumptions!$C$11, N(AF3095)/Assumptions!$C$12, N(AG3095)/Assumptions!$C$13),3) -> 8.1 | AK3095: =IF(OR(U3095="Pending",U3095="On Hold"),"Open GRN (awaiting)",IF(AJ3095<=1,"Within SLA",IF(ROUND(N(Y3095)/Assumptions!$C$5,3)=AJ3095,"Gate Wait",IF(ROUND(N(Z3095)/Assumptions!$C$6,3)=AJ3095,"Dock Wait",IF(ROUND(N(AA3095)/Assumptions!$C$7,3)=AJ3095,"Unloading",IF(ROUND(N(AB3095)/Assumptions!$C$8,3)=AJ3095,"Unload-to-QC Wait",IF(ROUND(N(AC3095)/Assumptions!$C$9,3)=AJ3095,"QC",IF(ROUND(N(AD3095)/Assumptions!$C$10,3)=AJ3095,"QC-to-GRN Wait",IF(ROUND(N(AE3095)/Assumptions!$C$11,3)=AJ3095,"GRN Processing",IF(ROUND(N(AF3095)/Assumptions!$C$12,3)=AJ3095,"GRN-to-Putaway Wait",IF(ROUND(N(AG3095)/Assumptions!$C$13,3)=AJ3095,"Putaway","Within SLA"))))))))))) -> QC-to-GRN Wait
A3096: RCPT-03095 | B3096: PO-26-69600 | C3096: Vendor 10 | D3096: Bhiwandi DC | E3096: SKU-07-261 | F3096: Staples | G3096: BHW-D2 | H3096: 46279.435 | I3096: 46279.455 | J3096: 46279.459 | K3096: 46279.472 | L3096: 46279.497 | M3096: 46279.528 | N3096: 46279.553 | O3096: 46279.637 | P3096: 46279.649 | Q3096: 46279.653 | R3096: 163 | S3096: 8 | T3096: 0 | U3096: Completed - Discrepancy | V3096: Documentation Mismatch | W3096: =IF(AND(X3096>=6,X3096<14),"A",IF(AND(X3096>=14,X3096<22),"B","C")) -> A | X3096: =HOUR(H3096) -> 10 | Y3096: =ROUND((I3096-H3096)*1440,0) -> 29 | Z3096: =ROUND((J3096-I3096)*1440,0) -> 6 | AA3096: =ROUND((K3096-J3096)*1440,0) -> 19 | AB3096: =ROUND((L3096-K3096)*1440,0) -> 35 | AC3096: =ROUND((M3096-L3096)*1440,0) -> 46 | AD3096: =IF(N3096="","",ROUND((N3096-M3096)*1440,0)) -> 36 | AE3096: =IF(O3096="","",ROUND((O3096-N3096)*1440,0)) -> 121 | AF3096: =IF(P3096="","",ROUND((P3096-O3096)*1440,0)) -> 16 | AG3096: =IF(Q3096="","",ROUND((Q3096-P3096)*1440,0)) -> 6 | AH3096: =IF(Q3096="","",ROUND((Q3096-H3096)*1440,0)) -> 314 | AI3096: =ROUND(IF(O3096="",Assumptions!$B$25-K3096,O3096-K3096)*24,1) -> 4 | AJ3096: =ROUND(MAX(N(Y3096)/Assumptions!$C$5, N(Z3096)/Assumptions!$C$6, N(AA3096)/Assumptions!$C$7, N(AB3096)/Assumptions!$C$8, N(AC3096)/Assumptions!$C$9, N(AD3096)/Assumptions!$C$10, N(AE3096)/Assumptions!$C$11, N(AF3096)/Assumptions!$C$12, N(AG3096)/Assumptions!$C$13),3) -> 2.689 | AK3096: =IF(OR(U3096="Pending",U3096="On Hold"),"Open GRN (awaiting)",IF(AJ3096<=1,"Within SLA",IF(ROUND(N(Y3096)/Assumptions!$C$5,3)=AJ3096,"Gate Wait",IF(ROUND(N(Z3096)/Assumptions!$C$6,3)=AJ3096,"Dock Wait",IF(ROUND(N(AA3096)/Assumptions!$C$7,3)=AJ3096,"Unloading",IF(ROUND(N(AB3096)/Assumptions!$C$8,3)=AJ3096,"Unload-to-QC Wait",IF(ROUND(N(AC3096)/Assumptions!$C$9,3)=AJ3096,"QC",IF(ROUND(N(AD3096)/Assumptions!$C$10,3)=AJ3096,"QC-to-GRN Wait",IF(ROUND(N(AE3096)/Assumptions!$C$11,3)=AJ3096,"GRN Processing",IF(ROUND(N(AF3096)/Assumptions!$C$12,3)=AJ3096,"GRN-to-Putaway Wait",IF(ROUND(N(AG3096)/Assumptions!$C$13,3)=AJ3096,"Putaway","Within SLA"))))))))))) -> GRN Processing
... A3108: RCPT-03107 | B3108: PO-26-71645 | C3108: Vendor 01 | D3108: Kalyan DC | E3108: SKU-07-975 | F3108: Staples | G3108: KLN-D2 | H3108: 46279.547 | I3108: 46279.585 | J3108: 46279.591 | K3108: 46279.631 | L3108: 46279.642 | M3108: 46279.675 | N3108: 46279.679 | O3108: 46279.687 | P3108: 46279.691 | Q3108: 46279.703 | R3108: 245 | S3108: 0 | T3108: 0 | U3108: Completed | V3108: Space / Equipment | W3108: =IF(AND(X3108>=6,X3108<14),"A",IF(AND(X3108>=14,X3108<22),"B","C")) -> A | X3108: =HOUR(H3108) -> 13 | Y3108: =ROUND((I3108-H3108)*1440,0) -> 55 | Z3108: =ROUND((J3108-I3108)*1440,0) -> 8 | AA3108: =ROUND((K3108-J3108)*1440,0) -> 58 | AB3108: =ROUND((L3108-K3108)*1440,0) -> 16 | AC3108: =ROUND((M3108-L3108)*1440,0) -> 47 | AD3108: =IF(N3108="","",ROUND((N3108-M3108)*1440,0)) -> 6 | AE3108: =IF(O3108="","",ROUND((O3108-N3108)*1440,0)) -> 11 | AF3108: =IF(P3108="","",ROUND((P3108-O3108)*1440,0)) -> 6 | AG3108: =IF(Q3108="","",ROUND((Q3108-P3108)*1440,0)) -> 18 | AH3108: =IF(Q3108="","",ROUND((Q3108-H3108)*1440,0)) -> 225 | AI3108: =ROUND(IF(O3108="",Assumptions!$B$25-K3108,O3108-K3108)*24,1) -> 1.3 | AJ3108: =ROUND(MAX(N(Y3108)/Assumptions!$C$5, N(Z3108)/Assumptions!$C$6, N(AA3108)/Assumptions!$C$7, N(AB3108)/Assumptions!$C$8, N(AC3108)/Assumptions!$C$9, N(AD3108)/Assumptions!$C$10, N(AE3108)/Assumptions!$C$11, N(AF3108)/Assumptions!$C$12, N(AG3108)/Assumptions!$C$13),3) -> 1.833 | AK3108: =IF(OR(U3108="Pending",U3108="On Hold"),"Open GRN (awaiting)",IF(AJ3108<=1,"Within SLA",IF(ROUND(N(Y3108)/Assumptions!$C$5,3)=AJ3108,"Gate Wait",IF(ROUND(N(Z3108)/Assumptions!$C$6,3)=AJ3108,"Dock Wait",IF(ROUND(N(AA3108)/Assumptions!$C$7,3)=AJ3108,"Unloading",IF(ROUND(N(AB3108)/Assumptions!$C$8,3)=AJ3108,"Unload-to-QC Wait",IF(ROUND(N(AC3108)/Assumptions!$C$9,3)=AJ3108,"QC",IF(ROUND(N(AD3108)/Assumptions!$C$10,3)=AJ3108,"QC-to-GRN Wait",IF(ROUND(N(AE3108)/Assumptions!$C$11,3)=AJ3108,"GRN Processing",IF(ROUND(N(AF3108)/Assumptions!$C$12,3)=AJ3108,"GRN-to-Putaway Wait",IF(ROUND(N(AG3108)/Assumptions!$C$13,3)=AJ3108,"Putaway","Within SLA"))))))))))) -> Gate Wait
A3109: RCPT-03108 | B3109: PO-26-70750 | C3109: Vendor 05 | D3109: Pimplas DC | E3109: SKU-02-410 | F3109: Dairy & Frozen | G3109: PMP-D1 | H3109: 46279.557 | I3109: 46279.594 | J3109: 46279.601 | K3109: 46279.647 | L3109: 46279.656 | M3109: 46279.672 | R3109: 1226 | S3109: 0 | T3109: 0 | U3109: On Hold | V3109: Documentation Mismatch | W3109: =IF(AND(X3109>=6,X3109<14),"A",IF(AND(X3109>=14,X3109<22),"B","C")) -> A | X3109: =HOUR(H3109) -> 13 | Y3109: =ROUND((I3109-H3109)*1440,0) -> 53 | Z3109: =ROUND((J3109-I3109)*1440,0) -> 11 | AA3109: =ROUND((K3109-J3109)*1440,0) -> 66 | AB3109: =ROUND((L3109-K3109)*1440,0) -> 12 | AC3109: =ROUND((M3109-L3109)*1440,0) -> 23 | AD3109: =IF(N3109="","",ROUND((N3109-M3109)*1440,0)) | AE3109: =IF(O3109="","",ROUND((O3109-N3109)*1440,0)) | AF3109: =IF(P3109="","",ROUND((P3109-O3109)*1440,0)) | AG3109: =IF(Q3109="","",ROUND((Q3109-P3109)*1440,0)) | AH3109: =IF(Q3109="","",ROUND((Q3109-H3109)*1440,0)) | AI3109: =ROUND(IF(O3109="",Assumptions!$B$25-K3109,O3109-K3109)*24,1) -> 424.5 | AJ3109: =ROUND(MAX(N(Y3109)/Assumptions!$C$5, N(Z3109)/Assumptions!$C$6, N(AA3109)/Assumptions!$C$7, N(AB3109)/Assumptions!$C$8, N(AC3109)/Assumptions!$C$9, N(AD3109)/Assumptions!$C$10, N(AE3109)/Assumptions!$C$11, N(AF3109)/Assumptions!$C$12, N(AG3109)/Assumptions!$C$13),3) -> 1.767 | AK3109: =IF(OR(U3109="Pending",U3109="On Hold"),"Open GRN (awaiting)",IF(AJ3109<=1,"Within SLA",IF(ROUND(N(Y3109)/Assumptions!$C$5,3)=AJ3109,"Gate Wait",IF(ROUND(N(Z3109)/Assumptions!$C$6,3)=AJ3109,"Dock Wait",IF(ROUND(N(AA3109)/Assumptions!$C$7,3)=AJ3109,"Unloading",IF(ROUND(N(AB3109)/Assumptions!$C$8,3)=AJ3109,"Unload-to-QC Wait",IF(ROUND(N(AC3109)/Assumptions!$C$9,3)=AJ3109,"QC",IF(ROUND(N(AD3109)/Assumptions!$C$10,3)=AJ3109,"QC-to-GRN Wait",IF(ROUND(N(AE3109)/Assumptions!$C$11,3)=AJ3109,"GRN Processing",IF(ROUND(N(AF3109)/Assumptions!$C$12,3)=AJ3109,"GRN-to-Putaway Wait",IF(ROUND(N(AG3109)/Assumptions!$C$13,3)=AJ3109,"Putaway","Within SLA"))))))))))) -> Open GRN (awaiting)
A3110: RCPT-03109 | B3110: PO-26-15769 | C3110: Vendor 02 | D3110: Bhiwandi DC | E3110: SKU-06-476 | F3110: Snacks | G3110: BHW-D2 | H3110: 46279.577 | I3110: 46279.599 | J3110: 46279.602 | K3110: 46279.634 | L3110: 46279.647 | M3110: 46279.662 | N3110: 46279.782 | O3110: 46279.853 | P3110: 46279.872 | Q3110: 46279.898 | R3110: 450 | S3110: 0 | T3110: 0 | U3110: Completed | V3110: Documentation Mismatch | W3110: =IF(AND(X3110>=6,X3110<14),"A",IF(AND(X3110>=14,X3110<22),"B","C")) -> A | X3110: =HOUR(H3110) -> 13 | Y3110: =ROUND((I3110-H3110)*1440,0) -> 32 | Z3110: =ROUND((J3110-I3110)*1440,0) -> 4 | AA3110: =ROUND((K3110-J3110)*1440,0) -> 46 | AB3110: =ROUND((L3110-K3110)*1440,0) -> 18 | AC3110: =ROUND((M3110-L3110)*1440,0) -> 23 | AD3110: =IF(N3110="","",ROUND((N3110-M3110)*1440,0)) -> 172 | AE3110: =IF(O3110="","",ROUND((O3110-N3110)*1440,0)) -> 103 | AF3110: =IF(P3110="","",ROUND((P3110-O3110)*1440,0)) -> 27 | AG3110: =IF(Q3110="","",ROUND((Q3110-P3110)*1440,0)) -> 37 | AH3110: =IF(Q3110="","",ROUND((Q3110-H3110)*1440,0)) -> 462 | AI3110: =ROUND(IF(O3110="",Assumptions!$B$25-K3110,O3110-K3110)*24,1) -> 5.3 | AJ3110: =ROUND(MAX(N(Y3110)/Assumptions!$C$5, N(Z3110)/Assumptions!$C$6, N(AA3110)/Assumptions!$C$7, N(AB3110)/Assumptions!$C$8, N(AC3110)/Assumptions!$C$9, N(AD3110)/Assumptions!$C$10, N(AE3110)/Assumptions!$C$11, N(AF3110)/Assumptions!$C$12, N(AG3110)/Assumptions!$C$13),3) -> 5.733 | AK3110: =IF(OR(U3110="Pending",U3110="On Hold"),"Open GRN (awaiting)",IF(AJ3110<=1,"Within SLA",IF(ROUND(N(Y3110)/Assumptions!$C$5,3)=AJ3110,"Gate Wait",IF(ROUND(N(Z3110)/Assumptions!$C$6,3)=AJ3110,"Dock Wait",IF(ROUND(N(AA3110)/Assumptions!$C$7,3)=AJ3110,"Unloading",IF(ROUND(N(AB3110)/Assumptions!$C$8,3)=AJ3110,"Unload-to-QC Wait",IF(ROUND(N(AC3110)/Assumptions!$C$9,3)=AJ3110,"QC",IF(ROUND(N(AD3110)/Assumptions!$C$10,3)=AJ3110,"QC-to-GRN Wait",IF(ROUND(N(AE3110)/Assumptions!$C$11,3)=AJ3110,"GRN Processing",IF(ROUND(N(AF3110)/Assumptions!$C$12,3)=AJ3110,"GRN-to-Putaway Wait",IF(ROUND(N(AG3110)/Assumptions!$C$13,3)=AJ3110,"Putaway","Within SLA"))))))))))) -> QC-to-GRN Wait
A3111: RCPT-03110 | B3111: PO-26-52987 | C3111: Vendor 09 | D3111: Kalyan DC | E3111: SKU-05-325 | F3111: Personal Care | G3111: KLN-D1 | H3111: 46279.585 | I3111: 46279.608 | J3111: 46279.615 | K3111: 46279.632 | L3111: 46279.637 | M3111: 46279.645 | N3111: 46279.69 | O3111: 46279.812 | P3111: 46279.825 | Q3111: 46279.844 | R3111: 433 | S3111: 0 | T3111: 0 | U3111: Completed | V3111: Documentation Mismatch | W3111: =IF(AND(X3111>=6,X3111<14),"A",IF(AND(X3111>=14,X3111<22),"B","C")) -> B | X3111: =HOUR(H3111) -> 14 | Y3111: =ROUND((I3111-H3111)*1440,0) -> 33 | Z3111: =ROUND((J3111-I3111)*1440,0) -> 10 | AA3111: =ROUND((K3111-J3111)*1440,0) -> 24 | AB3111: =ROUND((L3111-K3111)*1440,0) -> 7 | AC3111: =ROUND((M3111-L3111)*1440,0) -> 12 | AD3111: =IF(N3111="","",ROUND((N3111-M3111)*1440,0)) -> 64 | AE3111: =IF(O3111="","",ROUND((O3111-N3111)*1440,0)) -> 177 | AF3111: =IF(P3111="","",ROUND((P3111-O3111)*1440,0)) -> 18 | AG3111: =IF(Q3111="","",ROUND((Q3111-P3111)*1440,0)) -> 28 | AH3111: =IF(Q3111="","",ROUND((Q3111-H3111)*1440,0)) -> 373 | AI3111: =ROUND(IF(O3111="",Assumptions!$B$25-K3111,O3111-K3111)*24,1) -> 4.3 | AJ3111: =ROUND(MAX(N(Y3111)/Assumptions!$C$5, N(Z3111)/Assumptions!$C$6, N(AA3111)/Assumptions!$C$7, N(AB3111)/Assumptions!$C$8, N(AC3111)/Assumptions!$C$9, N(AD3111)/Assumptions!$C$10, N(AE3111)/Assumptions!$C$11, N(AF3111)/Assumptions!$C$12, N(AG3111)/Assumptions!$C$13),3) -> 3.933 | AK3111: =IF(OR(U3111="Pending",U3111="On Hold"),"Open GRN (awaiting)",IF(AJ3111<=1,"Within SLA",IF(ROUND(N(Y3111)/Assumptions!$C$5,3)=AJ3111,"Gate Wait",IF(ROUND(N(Z3111)/Assumptions!$C$6,3)=AJ3111,"Dock Wait",IF(ROUND(N(AA3111)/Assumptions!$C$7,3)=AJ3111,"Unloading",IF(ROUND(N(AB3111)/Assumptions!$C$8,3)=AJ3111,"Unload-to-QC Wait",IF(ROUND(N(AC3111)/Assumptions!$C$9,3)=AJ3111,"QC",IF(ROUND(N(AD3111)/Assumptions!$C$10,3)=AJ3111,"QC-to-GRN Wait",IF(ROUND(N(AE3111)/Assumptions!$C$11,3)=AJ3111,"GRN Processing",IF(ROUND(N(AF3111)/Assumptions!$C$12,3)=AJ3111,"GRN-to-Putaway Wait",IF(ROUND(N(AG3111)/Assumptions!$C$13,3)=AJ3111,"Putaway","Within SLA"))))))))))) -> GRN Processing
A3112: RCPT-03111 | B3112: PO-26-34763 | C3112: Vendor 02 | D3112: Kalyan DC | E3112: SKU-07-164 | F3112: Staples | G3112: KLN-D1 | H3112: 46279.597 | I3112: 46279.606 | J3112: 46279.612 | K3112: 46279.666 | L3112: 46279.677 | M3112: 46279.7 | N3112: 46279.713 | O3112: 46279.769 | P3112: 46279.77 | Q3112: 46279.794 | R3112: 999 | S3112: 0 | T3112: 0 | U3112: Completed | V3112: Manpower | W3112: =IF(AND(X3112>=6,X3112<14),"A",IF(AND(X3112>=14,X3112<22),"B","C")) -> B | X3112: =HOUR(H3112) -> 14 | Y3112: =ROUND((I3112-H3112)*1440,0) -> 13 | Z3112: =ROUND((J3112-I3112)*1440,0) -> 9 | AA3112: =ROUND((K3112-J3112)*1440,0) -> 78 | AB3112: =ROUND((L3112-K3112)*1440,0) -> 16 | AC3112: =ROUND((M3112-L3112)*1440,0) -> 33 | AD3112: =IF(N3112="","",ROUND((N3112-M3112)*1440,0)) -> 19 | AE3112: =IF(O3112="","",ROUND((O3112-N3112)*1440,0)) -> 80 | AF3112: =IF(P3112="","",ROUND((P3112-O3112)*1440,0)) -> 2 | AG3112: =IF(Q3112="","",ROUND((Q3112-P3112)*1440,0)) -> 35 | AH3112: =IF(Q3112="","",ROUND((Q3112-H3112)*1440,0)) -> 285 | AI3112: =ROUND(IF(O3112="",Assumptions!$B$25-K3112,O3112-K3112)*24,1) -> 2.5 | AJ3112: =ROUND(MAX(N(Y3112)/Assumptions!$C$5, N(Z3112)/Assumptions!$C$6, N(AA3112)/Assumptions!$C$7, N(AB3112)/Assumptions!$C$8, N(AC3112)/Assumptions!$C$9, N(AD3112)/Assumptions!$C$10, N(AE3112)/Assumptions!$C$11, N(AF3112)/Assumptions!$C$12, N(AG3112)/Assumptions!$C$13),3) -> 1.778 | AK3112: =IF(OR(U3112="Pending",U3112="On Hold"),"Open GRN (awaiting)",IF(AJ3112<=1,"Within SLA",IF(ROUND(N(Y3112)/Assumptions!$C$5,3)=AJ3112,"Gate Wait",IF(ROUND(N(Z3112)/Assumptions!$C$6,3)=AJ3112,"Dock Wait",IF(ROUND(N(AA3112)/Assumptions!$C$7,3)=AJ3112,"Unloading",IF(ROUND(N(AB3112)/Assumptions!$C$8,3)=AJ3112,"Unload-to-QC Wait",IF(ROUND(N(AC3112)/Assumptions!$C$9,3)=AJ3112,"QC",IF(ROUND(N(AD3112)/Assumptions!$C$10,3)=AJ3112,"QC-to-GRN Wait",IF(ROUND(N(AE3112)/Assumptions!$C$11,3)=AJ3112,"GRN Processing",IF(ROUND(N(AF3112)/Assumptions!$C$12,3)=AJ3112,"GRN-to-Putaway Wait",IF(ROUND(N(AG3112)/Assumptions!$C$13,3)=AJ3112,"Putaway","Within SLA"))))))))))) -> GRN Processing
A3113: RCPT-03112 | B3113: PO-26-19791 | C3113: Vendor 11 | D3113: Pimplas DC | E3113: SKU-01-824 | F3113: Beverages | G3113: PMP-D2 | H3113: 46279.619 | I3113: 46279.649 | J3113: 46279.656 | K3113: 46279.684 | L3113: 46279.688 | M3113: 46279.716 | N3113: 46279.778 | O3113: 46279.855 | P3113: 46279.868 | Q3113: 46279.878 | R3113: 603 | S3113: 0 | T3113: 0 | U3113: Completed | V3113: Manpower | W3113: =IF(AND(X3113>=6,X3113<14),"A",IF(AND(X3113>=14,X3113<22),"B","C")) -> B | X3113: =HOUR(H3113) -> 14 | Y3113: =ROUND((I3113-H3113)*1440,0) -> 43 | Z3113: =ROUND((J3113-I3113)*1440,0) -> 11 | AA3113: =ROUND((K3113-J3113)*1440,0) -> 40 | AB3113: =ROUND((L3113-K3113)*1440,0) -> 6 | AC3113: =ROUND((M3113-L3113)*1440,0) -> 40 | AD3113: =IF(N3113="","",ROUND((N3113-M3113)*1440,0)) -> 90 | AE3113: =IF(O3113="","",ROUND((O3113-N3113)*1440,0)) -> 110 | AF3113: =IF(P3113="","",ROUND((P3113-O3113)*1440,0)) -> 19 | AG3113: =IF(Q3113="","",ROUND((Q3113-P3113)*1440,0)) -> 15 | AH3113: =IF(Q3113="","",ROUND((Q3113-H3113)*1440,0)) -> 374 | AI3113: =ROUND(IF(O3113="",Assumptions!$B$25-K3113,O3113-K3113)*24,1) -> 4.1 | AJ3113: =ROUND(MAX(N(Y3113)/Assumptions!$C$5, N(Z3113)/Assumptions!$C$6, N(AA3113)/Assumptions!$C$7, N(AB3113)/Assumptions!$C$8, N(AC3113)/Assumptions!$C$9, N(AD3113)/Assumptions!$C$10, N(AE3113)/Assumptions!$C$11, N(AF3113)/Assumptions!$C$12, N(AG3113)/Assumptions!$C$13),3) -> 3 | AK3113: =IF(OR(U3113="Pending",U3113="On Hold"),"Open GRN (awaiting)",IF(AJ3113<=1,"Within SLA",IF(ROUND(N(Y3113)/Assumptions!$C$5,3)=AJ3113,"Gate Wait",IF(ROUND(N(Z3113)/Assumptions!$C$6,3)=AJ3113,"Dock Wait",IF(ROUND(N(AA3113)/Assumptions!$C$7,3)=AJ3113,"Unloading",IF(ROUND(N(AB3113)/Assumptions!$C$8,3)=AJ3113,"Unload-to-QC Wait",IF(ROUND(N(AC3113)/Assumptions!$C$9,3)=AJ3113,"QC",IF(ROUND(N(AD3113)/Assumptions!$C$10,3)=AJ3113,"QC-to-GRN Wait",IF(ROUND(N(AE3113)/Assumptions!$C$11,3)=AJ3113,"GRN Processing",IF(ROUND(N(AF3113)/Assumptions!$C$12,3)=AJ3113,"GRN-to-Putaway Wait",IF(ROUND(N(AG3113)/Assumptions!$C$13,3)=AJ3113,"Putaway","Within SLA"))))))))))) -> QC-to-GRN Wait
A3114: RCPT-03113 | B3114: PO-26-32262 | C3114: Vendor 11 | D3114: Pimplas DC | E3114: SKU-01-437 | F3114: Beverages | G3114: PMP-D1 | H3114: 46279.633 | I3114: 46279.683 | J3114: 46279.687 | K3114: 46279.72 | L3114: 46279.724 | M3114: 46279.755 | N3114: 46279.945 | O3114: 46280.03 | P3114: 46280.074 | Q3114: 46280.085 | R3114: 160 | S3114: 8 | T3114: 0 | U3114: Completed - Discrepancy | V3114: Manpower | W3114: =IF(AND(X3114>=6,X3114<14),"A",IF(AND(X3114>=14,X3114<22),"B","C")) -> B | X3114: =HOUR(H3114) -> 15 | Y3114: =ROUND((I3114-H3114)*1440,0) -> 71 | Z3114: =ROUND((J3114-I3114)*1440,0) -> 6 | AA3114: =ROUND((K3114-J3114)*1440,0) -> 48 | AB3114: =ROUND((L3114-K3114)*1440,0) -> 6 | AC3114: =ROUND((M3114-L3114)*1440,0) -> 44 | AD3114: =IF(N3114="","",ROUND((N3114-M3114)*1440,0)) -> 274 | AE3114: =IF(O3114="","",ROUND((O3114-N3114)*1440,0)) -> 122 | AF3114: =IF(P3114="","",ROUND((P3114-O3114)*1440,0)) -> 63 | AG3114: =IF(Q3114="","",ROUND((Q3114-P3114)*1440,0)) -> 17 | AH3114: =IF(Q3114="","",ROUND((Q3114-H3114)*1440,0)) -> 651 | AI3114: =ROUND(IF(O3114="",Assumptions!$B$25-K3114,O3114-K3114)*24,1) -> 7.4 | AJ3114: =ROUND(MAX(N(Y3114)/Assumptions!$C$5, N(Z3114)/Assumptions!$C$6, N(AA3114)/Assumptions!$C$7, N(AB3114)/Assumptions!$C$8, N(AC3114)/Assumptions!$C$9, N(AD3114)/Assumptions!$C$10, N(AE3114)/Assumptions!$C$11, N(AF3114)/Assumptions!$C$12, N(AG3114)/Assumptions!$C$13),3) -> 9.133 | AK3114: =IF(OR(U3114="Pending",U3114="On Hold"),"Open GRN (awaiting)",IF(AJ3114<=1,"Within SLA",IF(ROUND(N(Y3114)/Assumptions!$C$5,3)=AJ3114,"Gate Wait",IF(ROUND(N(Z3114)/Assumptions!$C$6,3)=AJ3114,"Dock Wait",IF(ROUND(N(AA3114)/Assumptions!$C$7,3)=AJ3114,"Unloading",IF(ROUND(N(AB3114)/Assumptions!$C$8,3)=AJ3114,"Unload-to-QC Wait",IF(ROUND(N(AC3114)/Assumptions!$C$9,3)=AJ3114,"QC",IF(ROUND(N(AD3114)/Assumptions!$C$10,3)=AJ3114,"QC-to-GRN Wait",IF(ROUND(N(AE3114)/Assumptions!$C$11,3)=AJ3114,"GRN Processing",IF(ROUND(N(AF3114)/Assumptions!$C$12,3)=AJ3114,"GRN-to-Putaway Wait",IF(ROUND(N(AG3114)/Assumptions!$C$13,3)=AJ3114,"Putaway","Within SLA"))))))))))) -> QC-to-GRN Wait
A3115: RCPT-03114 | B3115: PO-26-76457 | C3115: Vendor 03 | D3115: Kalyan DC | E3115: SKU-01-706 | F3115: Beverages | G3115: KLN-D1 | H3115: 46279.688 | I3115: 46279.697 | J3115: 46279.7 | K3115: 46279.713 | L3115: 46279.733 | M3115: 46279.745 | N3115: 46279.753 | O3115: 46279.788 | P3115: 46279.819 | Q3115: 46279.832 | R3115: 177 | S3115: 0 | T3115: 0 | U3115: Completed | V3115: Space / Equipment | W3115: =IF(AND(X3115>=6,X3115<14),"A",IF(AND(X3115>=14,X3115<22),"B","C")) -> B | X3115: =HOUR(H3115) -> 16 | Y3115: =ROUND((I3115-H3115)*1440,0) -> 12 | Z3115: =ROUND((J3115-I3115)*1440,0) -> 5 | AA3115: =ROUND((K3115-J3115)*1440,0) -> 18 | AB3115: =ROUND((L3115-K3115)*1440,0) -> 29 | AC3115: =ROUND((M3115-L3115)*1440,0) -> 18 | AD3115: =IF(N3115="","",ROUND((N3115-M3115)*1440,0)) -> 12 | AE3115: =IF(O3115="","",ROUND((O3115-N3115)*1440,0)) -> 50 | AF3115: =IF(P3115="","",ROUND((P3115-O3115)*1440,0)) -> 44 | AG3115: =IF(Q3115="","",ROUND((Q3115-P3115)*1440,0)) -> 19 | AH3115: =IF(Q3115="","",ROUND((Q3115-H3115)*1440,0)) -> 207 | AI3115: =ROUND(IF(O3115="",Assumptions!$B$25-K3115,O3115-K3115)*24,1) -> 1.8 | AJ3115: =ROUND(MAX(N(Y3115)/Assumptions!$C$5, N(Z3115)/Assumptions!$C$6, N(AA3115)/Assumptions!$C$7, N(AB3115)/Assumptions!$C$8, N(AC3115)/Assumptions!$C$9, N(AD3115)/Assumptions!$C$10, N(AE3115)/Assumptions!$C$11, N(AF3115)/Assumptions!$C$12, N(AG3115)/Assumptions!$C$13),3) -> 2.2 | AK3115: =IF(OR(U3115="Pending",U3115="On Hold"),"Open GRN (awaiting)",IF(AJ3115<=1,"Within SLA",IF(ROUND(N(Y3115)/Assumptions!$C$5,3)=AJ3115,"Gate Wait",IF(ROUND(N(Z3115)/Assumptions!$C$6,3)=AJ3115,"Dock Wait",IF(ROUND(N(AA3115)/Assumptions!$C$7,3)=AJ3115,"Unloading",IF(ROUND(N(AB3115)/Assumptions!$C$8,3)=AJ3115,"Unload-to-QC Wait",IF(ROUND(N(AC3115)/Assumptions!$C$9,3)=AJ3115,"QC",IF(ROUND(N(AD3115)/Assumptions!$C$10,3)=AJ3115,"QC-to-GRN Wait",IF(ROUND(N(AE3115)/Assumptions!$C$11,3)=AJ3115,"GRN Processing",IF(ROUND(N(AF3115)/Assumptions!$C$12,3)=AJ3115,"GRN-to-Putaway Wait",IF(ROUND(N(AG3115)/Assumptions!$C$13,3)=AJ3115,"Putaway","Within SLA"))))))))))) -> GRN-to-Putaway Wait
A3116: RCPT-03115 | B3116: PO-26-22513 | C3116: Vendor 03 | D3116: Bhiwandi DC | E3116: SKU-04-981 | F3116: Packaging | G3116: BHW-D2 | H3116: 46279.69 | I3116: 46279.706 | J3116: 46279.713 | K3116: 46279.733 | L3116: 46279.749 | M3116: 46279.77 | N3116: 46279.783 | O3116: 46279.832 | P3116: 46279.846 | Q3116: 46279.859 | R3116: 399 | S3116: 0 | T3116: 0 | U3116: Completed | V3116: Documentation Mismatch | W3116: =IF(AND(X3116>=6,X3116<14),"A",IF(AND(X3116>=14,X3116<22),"B","C")) -> B | X3116: =HOUR(H3116) -> 16 | Y3116: =ROUND((I3116-H3116)*1440,0) -> 22 | Z3116: =ROUND((J3116-I3116)*1440,0) -> 10 | AA3116: =ROUND((K3116-J3116)*1440,0) -> 30 | AB3116: =ROUND((L3116-K3116)*1440,0) -> 22 | AC3116: =ROUND((M3116-L3116)*1440,0) -> 31 | AD3116: =IF(N3116="","",ROUND((N3116-M3116)*1440,0)) -> 19 | AE3116: =IF(O3116="","",ROUND((O3116-N3116)*1440,0)) -> 70 | AF3116: =IF(P3116="","",ROUND((P3116-O3116)*1440,0)) -> 20 | AG3116: =IF(Q3116="","",ROUND((Q3116-P3116)*1440,0)) -> 19 | AH3116: =IF(Q3116="","",ROUND((Q3116-H3116)*1440,0)) -> 243 | AI3116: =ROUND(IF(O3116="",Assumptions!$B$25-K3116,O3116-K3116)*24,1) -> 2.4 | AJ3116: =ROUND(MAX(N(Y3116)/Assumptions!$C$5, N(Z3116)/Assumptions!$C$6, N(AA3116)/Assumptions!$C$7, N(AB3116)/Assumptions!$C$8, N(AC3116)/Assumptions!$C$9, N(AD3116)/Assumptions!$C$10, N(AE3116)/Assumptions!$C$11, N(AF3116)/Assumptions!$C$12, N(AG3116)/Assumptions!$C$13),3) -> 1.556 | AK3116: =IF(OR(U3116="Pending",U3116="On Hold"),"Open GRN (awaiting)",IF(AJ3116<=1,"Within SLA",IF(ROUND(N(Y3116)/Assumptions!$C$5,3)=AJ3116,"Gate Wait",IF(ROUND(N(Z3116)/Assumptions!$C$6,3)=AJ3116,"Dock Wait",IF(ROUND(N(AA3116)/Assumptions!$C$7,3)=AJ3116,"Unloading",IF(ROUND(N(AB3116)/Assumptions!$C$8,3)=AJ3116,"Unload-to-QC Wait",IF(ROUND(N(AC3116)/Assumptions!$C$9,3)=AJ3116,"QC",IF(ROUND(N(AD3116)/Assumptions!$C$10,3)=AJ3116,"QC-to-GRN Wait",IF(ROUND(N(AE3116)/Assumptions!$C$11,3)=AJ3116,"GRN Processing",IF(ROUND(N(AF3116)/Assumptions!$C$12,3)=AJ3116,"GRN-to-Putaway Wait",IF(ROUND(N(AG3116)/Assumptions!$C$13,3)=AJ3116,"Putaway","Within SLA"))))))))))) -> GRN Processing
A3117: RCPT-03116 | B3117: PO-26-54598 | C3117: Vendor 09 | D3117: Bhiwandi DC | E3117: SKU-07-622 | F3117: Staples | G3117: BHW-D2 | H3117: 46279.693 | I3117: 46279.72 | J3117: 46279.726 | K3117: 46279.758 | L3117: 46279.767 | M3117: 46279.783 | N3117: 46279.828 | O3117: 46279.845 | P3117: 46279.851 | Q3117: 46279.876 | R3117: 542 | S3117: 0 | T3117: 0 | U3117: Completed | V3117: System | W3117: =IF(AND(X3117>=6,X3117<14),"A",IF(AND(X3117>=14,X3117<22),"B","C")) -> B | X3117: =HOUR(H3117) -> 16 | Y3117: =ROUND((I3117-H3117)*1440,0) -> 39 | Z3117: =ROUND((J3117-I3117)*1440,0) -> 9 | AA3117: =ROUND((K3117-J3117)*1440,0) -> 46 | AB3117: =ROUND((L3117-K3117)*1440,0) -> 13 | AC3117: =ROUND((M3117-L3117)*1440,0) -> 22 | AD3117: =IF(N3117="","",ROUND((N3117-M3117)*1440,0)) -> 65 | AE3117: =IF(O3117="","",ROUND((O3117-N3117)*1440,0)) -> 25 | AF3117: =IF(P3117="","",ROUND((P3117-O3117)*1440,0)) -> 8 | AG3117: =IF(Q3117="","",ROUND((Q3117-P3117)*1440,0)) -> 36 | AH3117: =IF(Q3117="","",ROUND((Q3117-H3117)*1440,0)) -> 263 | AI3117: =ROUND(IF(O3117="",Assumptions!$B$25-K3117,O3117-K3117)*24,1) -> 2.1 | AJ3117: =ROUND(MAX(N(Y3117)/Assumptions!$C$5, N(Z3117)/Assumptions!$C$6, N(AA3117)/Assumptions!$C$7, N(AB3117)/Assumptions!$C$8, N(AC3117)/Assumptions!$C$9, N(AD3117)/Assumptions!$C$10, N(AE3117)/Assumptions!$C$11, N(AF3117)/Assumptions!$C$12, N(AG3117)/Assumptions!$C$13),3) -> 2.167 | AK3117: =IF(OR(U3117="Pending",U3117="On Hold"),"Open GRN (awaiting)",IF(AJ3117<=1,"Within SLA",IF(ROUND(N(Y3117)/Assumptions!$C$5,3)=AJ3117,"Gate Wait",IF(ROUND(N(Z3117)/Assumptions!$C$6,3)=AJ3117,"Dock Wait",IF(ROUND(N(AA3117)/Assumptions!$C$7,3)=AJ3117,"Unloading",IF(ROUND(N(AB3117)/Assumptions!$C$8,3)=AJ3117,"Unload-to-QC Wait",IF(ROUND(N(AC3117)/Assumptions!$C$9,3)=AJ3117,"QC",IF(ROUND(N(AD3117)/Assumptions!$C$10,3)=AJ3117,"QC-to-GRN Wait",IF(ROUND(N(AE3117)/Assumptions!$C$11,3)=AJ3117,"GRN Processing",IF(ROUND(N(AF3117)/Assumptions!$C$12,3)=AJ3117,"GRN-to-Putaway Wait",IF(ROUND(N(AG3117)/Assumptions!$C$13,3)=AJ3117,"Putaway","Within SLA"))))))))))) -> QC-to-GRN Wait
